tipo,precio,indice,timestamp,tipo_mercado,indicadores_usados,ganancia,duracion
compra,1827.49,33,2025-05-05 23:06:00,desconocido,"['MACD_hist', 'Ichimoku_Tenkan']",,
venta,1829.97,50,2025-05-05 23:23:00,desconocido,"['ADX', 'BB_Upper']",2.480000000000018,17.0
compra,1828.61,51,2025-05-05 23:24:00,desconocido,"['ADX', 'MACD_hist']",,
venta,1827.3,52,2025-05-05 23:25:00,desconocido,"['ADX', 'Ichimoku_Tenkan']",-1.3099999999999454,1.0
compra,1824.99,53,2025-05-05 23:26:00,desconocido,"['ADX', 'BB_Lower']",,
venta,1825.72,54,2025-05-05 23:27:00,desconocido,"['ADX', 'MACD_hist', 'Ichimoku_Tenkan']",0.7300000000000182,1.0
compra,1819.97,76,2025-05-05 23:49:00,desconocido,"['ADX', 'BB_Lower']",,
venta,1819.26,77,2025-05-05 23:50:00,desconocido,"['ADX', 'MACD_hist', 'Ichimoku_Tenkan']",-0.7100000000000364,1.0
compra,1817.4,78,2025-05-05 23:51:00,desconocido,"['ADX', 'BB_Lower']",,
venta,1818.39,79,2025-05-05 23:52:00,desconocido,"['ADX', 'MACD_hist', 'Ichimoku_Tenkan']",0.9900000000000091,1.0
compra,1820.33,82,2025-05-05 23:55:00,desconocido,"['ADX', 'Ichimoku_Tenkan']",,
venta,1818.18,89,2025-05-06 00:02:00,desconocido,"['ADX', 'Ichimoku_Tenkan', 'vender_por_perdida_atr']",-2.1499999999998636,7.0
compra,1817.69,90,2025-05-06 00:03:00,desconocido,"['ADX', 'MACD_hist']",,
venta,1818.17,91,2025-05-06 00:04:00,desconocido,"['ADX', 'Ichimoku_Tenkan']",0.4800000000000182,1.0
compra,1818.45,95,2025-05-06 00:08:00,desconocido,"['ADX', 'MACD_hist']",,
venta,1817.39,96,2025-05-06 00:09:00,desconocido,"['ADX', 'Ichimoku_Tenkan']",-1.0599999999999454,1.0
compra,1816.99,97,2025-05-06 00:10:00,desconocido,"['ADX', 'MACD_hist']",,
venta,1816.7,98,2025-05-06 00:11:00,desconocido,"['ADX', 'MACD_hist', 'Ichimoku_Tenkan']",-0.2899999999999636,1.0
compra,1813.9,106,2025-05-06 00:19:00,desconocido,"['ADX', 'BB_Lower']",,
venta,1813.58,107,2025-05-06 00:20:00,desconocido,"['ADX', 'MACD_hist', 'Ichimoku_Tenkan']",-0.3200000000001637,1.0
compra,1814.9,109,2025-05-06 00:22:00,desconocido,"['ADX', 'Ichimoku_Tenkan']",,
venta,1814.65,110,2025-05-06 00:23:00,desconocido,"['ADX', 'Ichimoku_Tenkan']",-0.25,1.0
compra,1815.0,111,2025-05-06 00:24:00,desconocido,"['ADX', 'MACD_hist', 'Ichimoku_Tenkan']",,
venta,1818.52,116,2025-05-06 00:29:00,desconocido,"['ADX', 'vender_por_ganancia_atr']",3.519999999999982,5.0
compra,1818.26,117,2025-05-06 00:30:00,desconocido,"['ADX', 'MACD_hist', 'Ichimoku_Tenkan']",,
venta,1815.79,119,2025-05-06 00:32:00,desconocido,"['ADX', 'Ichimoku_Tenkan', 'vender_por_perdida_atr']",-2.4700000000000273,2.0
compra,1816.91,120,2025-05-06 00:33:00,desconocido,"['ADX', 'MACD_hist']",,
venta,1816.51,121,2025-05-06 00:34:00,desconocido,"['ADX', 'Ichimoku_Tenkan']",-0.40000000000009095,1.0
compra,1814.9,122,2025-05-06 00:35:00,desconocido,"['ADX', 'MACD_hist']",,
venta,1815.1,123,2025-05-06 00:36:00,desconocido,"['ADX', 'MACD_hist', 'Ichimoku_Tenkan']",0.1999999999998181,1.0
compra,1811.97,127,2025-05-06 00:40:00,desconocido,"['ADX', 'BB_Lower']",,
venta,1813.33,128,2025-05-06 00:41:00,desconocido,"['ADX', 'MACD_hist', 'Ichimoku_Tenkan']",1.3599999999999,1.0
compra,1812.86,134,2025-05-06 00:47:00,desconocido,"['ADX', 'Ichimoku_Tenkan']",,
venta,1811.14,135,2025-05-06 00:48:00,desconocido,"['ADX', 'MACD_hist', 'Ichimoku_Tenkan']",-1.7199999999998,1.0
compra,1812.3,136,2025-05-06 00:49:00,desconocido,"['ADX', 'Ichimoku_Tenkan']",,
venta,1812.41,137,2025-05-06 00:50:00,desconocido,"['ADX', 'MACD_hist']",0.11000000000012733,1.0
compra,1811.9,141,2025-05-06 00:54:00,desconocido,"['ADX', 'MACD_hist']",,
venta,1814.19,146,2025-05-06 00:59:00,desconocido,"['ADX', 'BB_Upper']",2.2899999999999636,5.0
compra,1814.58,147,2025-05-06 01:00:00,desconocido,"['MACD_hist', 'Ichimoku_Tenkan']",,
venta,1815.61,148,2025-05-06 01:01:00,desconocido,"['ADX', 'BB_Upper']",1.0299999999999727,1.0
compra,1814.1,149,2025-05-06 01:02:00,desconocido,"['ADX', 'MACD_hist', 'Ichimoku_Tenkan']",,
venta,1812.36,151,2025-05-06 01:04:00,desconocido,"['Ichimoku_Tenkan', 'vender_por_perdida_atr']",-1.740000000000009,2.0
compra,1814.2,157,2025-05-06 01:10:00,desconocido,"['MACD_hist', 'Ichimoku_Tenkan']",,
venta,1817.43,162,2025-05-06 01:15:00,desconocido,['vender_por_ganancia_atr'],3.230000000000018,5.0
compra,1818.38,163,2025-05-06 01:16:00,desconocido,"['MACD_hist', 'Ichimoku_Tenkan']",,
venta,1819.0,173,2025-05-06 01:26:00,desconocido,"['ADX', 'Ichimoku_Tenkan']",0.6199999999998909,10.0
compra,1813.97,181,2025-05-06 01:34:00,desconocido,"['ADX', 'BB_Lower']",,
venta,1813.35,182,2025-05-06 01:35:00,desconocido,"['ADX', 'MACD_hist', 'Ichimoku_Tenkan']",-0.6200000000001182,1.0
compra,1807.43,185,2025-05-06 01:38:00,desconocido,"['ADX', 'BB_Lower']",,
venta,1808.31,186,2025-05-06 01:39:00,desconocido,"['ADX', 'MACD_hist', 'Ichimoku_Tenkan']",0.8799999999998818,1.0
compra,1806.98,197,2025-05-06 01:50:00,desconocido,"['ADX', 'Ichimoku_Tenkan']",,
venta,1807.49,198,2025-05-06 01:51:00,desconocido,"['ADX', 'MACD_hist']",0.5099999999999909,1.0
compra,1805.88,199,2025-05-06 01:52:00,desconocido,"['ADX', 'MACD_hist']",,
venta,1804.59,200,2025-05-06 01:53:00,desconocido,"['ADX', 'Ichimoku_Tenkan']",-1.290000000000191,1.0
compra,1804.9,201,2025-05-06 01:54:00,desconocido,"['ADX', 'MACD_hist']",,
venta,1804.98,202,2025-05-06 01:55:00,desconocido,"['ADX', 'Ichimoku_Tenkan']",0.07999999999992724,1.0
compra,1806.21,203,2025-05-06 01:56:00,desconocido,"['ADX', 'MACD_hist', 'Ichimoku_Tenkan']",,
venta,1804.92,205,2025-05-06 01:58:00,desconocido,"['ADX', 'Ichimoku_Tenkan']",-1.2899999999999636,2.0
compra,1804.49,206,2025-05-06 01:59:00,desconocido,"['ADX', 'MACD_hist']",,
venta,1803.78,212,2025-05-06 02:05:00,desconocido,"['ADX', 'Ichimoku_Tenkan']",-0.7100000000000364,6.0
compra,1803.77,213,2025-05-06 02:06:00,desconocido,"['ADX', 'MACD_hist']",,
venta,1802.42,214,2025-05-06 02:07:00,desconocido,"['ADX', 'Ichimoku_Tenkan']",-1.349999999999909,1.0
compra,1803.66,215,2025-05-06 02:08:00,desconocido,"['ADX', 'MACD_hist']",,
venta,1803.36,216,2025-05-06 02:09:00,desconocido,"['ADX', 'Ichimoku_Tenkan']",-0.3000000000001819,1.0
compra,1804.05,218,2025-05-06 02:11:00,desconocido,"['ADX', 'MACD_hist']",,
venta,1803.01,219,2025-05-06 02:12:00,desconocido,"['ADX', 'Ichimoku_Tenkan']",-1.0399999999999636,1.0
compra,1803.4,221,2025-05-06 02:14:00,desconocido,"['ADX', 'MACD_hist', 'Ichimoku_Tenkan']",,
venta,1801.98,222,2025-05-06 02:15:00,desconocido,"['ADX', 'Ichimoku_Tenkan']",-1.4200000000000728,1.0
compra,1802.1,225,2025-05-06 02:18:00,desconocido,"['ADX', 'MACD_hist']",,
venta,1800.09,226,2025-05-06 02:19:00,desconocido,"['ADX', 'MACD_hist', 'Ichimoku_Tenkan']",-2.009999999999991,1.0
compra,1796.73,227,2025-05-06 02:20:00,desconocido,"['ADX', 'BB_Lower']",,
venta,1794.02,228,2025-05-06 02:21:00,desconocido,"['ADX', 'MACD_hist', 'Ichimoku_Tenkan']",-2.7100000000000364,1.0
compra,1798.2,235,2025-05-06 02:28:00,desconocido,"['ADX', 'MACD_hist', 'Ichimoku_Tenkan']",,
venta,1794.93,237,2025-05-06 02:30:00,desconocido,"['ADX', 'Ichimoku_Tenkan', 'vender_por_perdida_atr']",-3.269999999999982,2.0
compra,1796.61,238,2025-05-06 02:31:00,desconocido,"['ADX', 'MACD_hist', 'Ichimoku_Tenkan']",,
venta,1801.59,254,2025-05-06 02:47:00,desconocido,"['BB_Upper', 'vender_por_ganancia_atr']",4.980000000000018,16.0
compra,1802.7,255,2025-05-06 02:48:00,desconocido,"['MACD_hist', 'Ichimoku_Tenkan']",,
venta,1803.6,256,2025-05-06 02:49:00,desconocido,"['ADX', 'BB_Upper']",0.8999999999998636,1.0
compra,1803.86,257,2025-05-06 02:50:00,desconocido,"['ADX', 'MACD_hist', 'Ichimoku_Tenkan']",,
venta,1802.56,261,2025-05-06 02:54:00,desconocido,"['ADX', 'Ichimoku_Tenkan']",-1.2999999999999545,4.0
compra,1802.57,262,2025-05-06 02:55:00,desconocido,"['ADX', 'MACD_hist']",,
venta,1803.0,264,2025-05-06 02:57:00,desconocido,"['ADX', 'Ichimoku_Tenkan']",0.43000000000006366,2.0
compra,1802.6,265,2025-05-06 02:58:00,desconocido,"['ADX', 'MACD_hist']",,
venta,1802.61,270,2025-05-06 03:03:00,desconocido,"['ADX', 'MACD_hist', 'Ichimoku_Tenkan']",0.009999999999990905,5.0
compra,1802.41,293,2025-05-06 03:26:00,desconocido,"['MACD_hist', 'Ichimoku_Tenkan']",,
venta,1806.0,305,2025-05-06 03:38:00,desconocido,['vender_por_ganancia_atr'],3.589999999999918,12.0
compra,1806.2,306,2025-05-06 03:39:00,desconocido,"['MACD_hist', 'Ichimoku_Tenkan']",,
venta,1805.3,312,2025-05-06 03:45:00,desconocido,"['MACD_hist', 'Ichimoku_Tenkan']",-0.900000000000091,6.0
compra,1805.89,343,2025-05-06 04:16:00,desconocido,"['MACD_hist', 'Ichimoku_Tenkan']",,
venta,1806.93,361,2025-05-06 04:34:00,desconocido,"['MACD_hist', 'Ichimoku_Tenkan']",1.0399999999999636,18.0
compra,1807.38,373,2025-05-06 04:46:00,desconocido,"['MACD_hist', 'Ichimoku_Tenkan']",,
venta,1805.9,389,2025-05-06 05:02:00,desconocido,"['MACD_hist', 'Ichimoku_Tenkan', 'vender_por_perdida_atr']",-1.4800000000000182,16.0
compra,1802.01,409,2025-05-06 05:22:00,desconocido,"['ADX', 'BB_Lower']",,
venta,1802.5,410,2025-05-06 05:23:00,desconocido,"['ADX', 'MACD_hist', 'Ichimoku_Tenkan']",0.4900000000000091,1.0
compra,1802.56,414,2025-05-06 05:27:00,desconocido,"['ADX', 'Ichimoku_Tenkan']",,
venta,1802.31,415,2025-05-06 05:28:00,desconocido,"['ADX', 'MACD_hist']",-0.25,1.0
compra,1802.06,417,2025-05-06 05:30:00,desconocido,"['ADX', 'MACD_hist', 'Ichimoku_Tenkan']",,
venta,1801.43,418,2025-05-06 05:31:00,desconocido,"['ADX', 'MACD_hist', 'Ichimoku_Tenkan']",-0.6299999999998818,1.0
compra,1801.12,423,2025-05-06 05:36:00,desconocido,"['ADX', 'MACD_hist']",,
venta,1803.22,428,2025-05-06 05:41:00,desconocido,"['ADX', 'BB_Upper']",2.1000000000001364,5.0
compra,1803.21,429,2025-05-06 05:42:00,desconocido,"['ADX', 'MACD_hist', 'Ichimoku_Tenkan']",,
venta,1801.58,431,2025-05-06 05:44:00,desconocido,"['ADX', 'Ichimoku_Tenkan', 'vender_por_perdida_atr']",-1.6300000000001091,2.0
compra,1802.3,432,2025-05-06 05:45:00,desconocido,"['ADX', 'MACD_hist', 'Ichimoku_Tenkan']",,
venta,1800.39,438,2025-05-06 05:51:00,desconocido,"['ADX', 'MACD_hist', 'Ichimoku_Tenkan', 'vender_por_perdida_atr']",-1.9099999999998545,6.0
compra,1799.24,439,2025-05-06 05:52:00,desconocido,"['ADX', 'BB_Lower']",,
venta,1799.72,440,2025-05-06 05:53:00,desconocido,"['ADX', 'MACD_hist', 'Ichimoku_Tenkan']",0.4800000000000182,1.0
compra,1798.4,445,2025-05-06 05:58:00,desconocido,"['ADX', 'BB_Lower']",,
venta,1798.91,446,2025-05-06 05:59:00,desconocido,"['ADX', 'MACD_hist', 'Ichimoku_Tenkan']",0.5099999999999909,1.0
compra,1800.5,447,2025-05-06 06:00:00,desconocido,"['ADX', 'Ichimoku_Tenkan']",,
venta,1799.79,448,2025-05-06 06:01:00,desconocido,"['ADX', 'MACD_hist']",-0.7100000000000364,1.0
compra,1800.9,449,2025-05-06 06:02:00,desconocido,"['ADX', 'MACD_hist', 'Ichimoku_Tenkan']",,
venta,1802.96,452,2025-05-06 06:05:00,desconocido,"['ADX', 'BB_Upper']",2.0599999999999454,3.0
compra,1802.95,453,2025-05-06 06:06:00,desconocido,"['ADX', 'MACD_hist', 'Ichimoku_Tenkan']",,
venta,1803.92,454,2025-05-06 06:07:00,desconocido,"['ADX', 'BB_Upper']",0.9700000000000273,1.0
compra,1804.0,455,2025-05-06 06:08:00,desconocido,"['ADX', 'MACD_hist', 'Ichimoku_Tenkan']",,
venta,1802.73,462,2025-05-06 06:15:00,desconocido,"['Ichimoku_Tenkan', 'vender_por_perdida_atr']",-1.2699999999999818,7.0
compra,1804.38,464,2025-05-06 06:17:00,desconocido,"['MACD_hist', 'Ichimoku_Tenkan']",,
venta,1804.29,473,2025-05-06 06:26:00,desconocido,"['MACD_hist', 'Ichimoku_Tenkan']",-0.09000000000014552,9.0
compra,1805.3,484,2025-05-06 06:37:00,desconocido,"['MACD_hist', 'Ichimoku_Tenkan']",,
venta,1803.96,494,2025-05-06 06:47:00,desconocido,"['MACD_hist', 'Ichimoku_Tenkan', 'vender_por_perdida_atr']",-1.3399999999999181,10.0
compra,1805.87,505,2025-05-06 06:58:00,desconocido,"['MACD_hist', 'Ichimoku_Tenkan']",,
venta,1809.08,509,2025-05-06 07:02:00,desconocido,"['BB_Upper', 'vender_por_ganancia_atr']",3.2100000000000364,4.0
compra,1808.03,510,2025-05-06 07:03:00,desconocido,"['MACD_hist', 'Ichimoku_Tenkan']",,
venta,1806.92,514,2025-05-06 07:07:00,desconocido,"['Ichimoku_Tenkan', 'vender_por_perdida_atr']",-1.1099999999999,4.0
compra,1805.59,538,2025-05-06 07:31:00,desconocido,"['MACD_hist', 'Ichimoku_Tenkan']",,
venta,1802.21,546,2025-05-06 07:39:00,desconocido,"['MACD_hist', 'Ichimoku_Tenkan', 'vender_por_perdida_atr']",-3.3799999999998818,8.0
compra,1805.42,552,2025-05-06 07:45:00,desconocido,"['MACD_hist', 'Ichimoku_Tenkan']",,
venta,1805.5,562,2025-05-06 07:55:00,desconocido,"['MACD_hist', 'Ichimoku_Tenkan']",0.07999999999992724,10.0
compra,1806.39,564,2025-05-06 07:57:00,desconocido,"['MACD_hist', 'Ichimoku_Tenkan']",,
venta,1805.39,567,2025-05-06 08:00:00,desconocido,"['MACD_hist', 'Ichimoku_Tenkan']",-1.0,3.0
compra,1797.49,583,2025-05-06 08:16:00,desconocido,"['ADX', 'BB_Lower']",,
venta,1797.49,584,2025-05-06 08:17:00,desconocido,"['ADX', 'MACD_hist', 'Ichimoku_Tenkan']",0.0,1.0
compra,1796.7,585,2025-05-06 08:18:00,desconocido,"['ADX', 'BB_Lower']",,
venta,1794.91,586,2025-05-06 08:19:00,desconocido,"['ADX', 'MACD_hist', 'Ichimoku_Tenkan']",-1.7899999999999636,1.0
compra,1791.25,587,2025-05-06 08:20:00,desconocido,"['ADX', 'BB_Lower']",,
venta,1791.88,588,2025-05-06 08:21:00,desconocido,"['ADX', 'MACD_hist', 'Ichimoku_Tenkan']",0.6300000000001091,1.0
compra,1793.56,592,2025-05-06 08:25:00,desconocido,"['ADX', 'Ichimoku_Tenkan']",,
venta,1792.62,593,2025-05-06 08:26:00,desconocido,"['ADX', 'MACD_hist', 'Ichimoku_Tenkan']",-0.9400000000000546,1.0
compra,1793.36,594,2025-05-06 08:27:00,desconocido,"['ADX', 'Ichimoku_Tenkan']",,
venta,1793.66,595,2025-05-06 08:28:00,desconocido,"['ADX', 'MACD_hist']",0.3000000000001819,1.0
compra,1794.43,596,2025-05-06 08:29:00,desconocido,"['ADX', 'MACD_hist', 'Ichimoku_Tenkan']",,
venta,1798.79,605,2025-05-06 08:38:00,desconocido,"['ADX', 'vender_por_ganancia_atr']",4.3599999999999,9.0
compra,1798.0,606,2025-05-06 08:39:00,desconocido,"['ADX', 'MACD_hist', 'Ichimoku_Tenkan']",,
venta,1797.13,607,2025-05-06 08:40:00,desconocido,"['ADX', 'Ichimoku_Tenkan']",-0.8699999999998909,1.0
compra,1797.35,608,2025-05-06 08:41:00,desconocido,"['ADX', 'MACD_hist']",,
venta,1797.66,609,2025-05-06 08:42:00,desconocido,"['ADX', 'Ichimoku_Tenkan']",0.3100000000001728,1.0
compra,1798.89,610,2025-05-06 08:43:00,desconocido,"['MACD_hist', 'Ichimoku_Tenkan']",,
venta,1798.91,628,2025-05-06 09:01:00,desconocido,"['MACD_hist', 'Ichimoku_Tenkan']",0.01999999999998181,18.0
compra,1797.6,654,2025-05-06 09:27:00,desconocido,"['ADX', 'Ichimoku_Tenkan']",,
venta,1796.4,666,2025-05-06 09:39:00,desconocido,"['MACD_hist', 'Ichimoku_Tenkan']",-1.199999999999818,12.0
compra,1793.5,671,2025-05-06 09:44:00,desconocido,"['ADX', 'BB_Lower']",,
venta,1794.76,672,2025-05-06 09:45:00,desconocido,"['ADX', 'MACD_hist', 'Ichimoku_Tenkan']",1.259999999999991,1.0
compra,1793.4,673,2025-05-06 09:46:00,desconocido,"['ADX', 'BB_Lower']",,
venta,1794.2,674,2025-05-06 09:47:00,desconocido,"['ADX', 'MACD_hist', 'Ichimoku_Tenkan']",0.7999999999999545,1.0
compra,1795.07,675,2025-05-06 09:48:00,desconocido,"['ADX', 'Ichimoku_Tenkan']",,
venta,1795.7,676,2025-05-06 09:49:00,desconocido,"['ADX', 'MACD_hist']",0.6300000000001091,1.0
compra,1795.33,678,2025-05-06 09:51:00,desconocido,"['ADX', 'Ichimoku_Tenkan']",,
venta,1798.0,686,2025-05-06 09:59:00,desconocido,['vender_por_ganancia_atr'],2.6700000000000728,8.0
compra,1797.0,687,2025-05-06 10:00:00,desconocido,"['MACD_hist', 'Ichimoku_Tenkan']",,
venta,1795.8,691,2025-05-06 10:04:00,desconocido,"['MACD_hist', 'Ichimoku_Tenkan']",-1.2000000000000455,4.0
compra,1795.8,703,2025-05-06 10:16:00,desconocido,"['ADX', 'Ichimoku_Tenkan']",,
venta,1795.77,704,2025-05-06 10:17:00,desconocido,"['ADX', 'MACD_hist']",-0.029999999999972715,1.0
compra,1796.5,705,2025-05-06 10:18:00,desconocido,"['MACD_hist', 'Ichimoku_Tenkan']",,
venta,1793.09,710,2025-05-06 10:23:00,desconocido,"['Ichimoku_Tenkan', 'vender_por_perdida_atr']",-3.410000000000082,5.0
compra,1795.46,714,2025-05-06 10:27:00,desconocido,"['MACD_hist', 'Ichimoku_Tenkan']",,
venta,1794.58,715,2025-05-06 10:28:00,desconocido,"['MACD_hist', 'Ichimoku_Tenkan']",-0.8800000000001091,1.0
compra,1796.33,719,2025-05-06 10:32:00,desconocido,"['MACD_hist', 'Ichimoku_Tenkan']",,
venta,1794.79,727,2025-05-06 10:40:00,desconocido,"['MACD_hist', 'Ichimoku_Tenkan']",-1.5399999999999636,8.0
compra,1785.22,735,2025-05-06 10:48:00,desconocido,"['ADX', 'BB_Lower']",,
venta,1787.13,736,2025-05-06 10:49:00,desconocido,"['ADX', 'MACD_hist', 'Ichimoku_Tenkan']",1.9100000000000819,1.0
compra,1785.18,744,2025-05-06 10:57:00,desconocido,"['ADX', 'Ichimoku_Tenkan']",,
venta,1785.58,745,2025-05-06 10:58:00,desconocido,"['ADX', 'MACD_hist']",0.3999999999998636,1.0
compra,1785.19,746,2025-05-06 10:59:00,desconocido,"['ADX', 'Ichimoku_Tenkan']",,
venta,1784.5,747,2025-05-06 11:00:00,desconocido,"['ADX', 'MACD_hist']",-0.6900000000000546,1.0
compra,1787.48,748,2025-05-06 11:01:00,desconocido,"['ADX', 'MACD_hist', 'Ichimoku_Tenkan']",,
venta,1788.41,761,2025-05-06 11:14:00,desconocido,"['ADX', 'Ichimoku_Tenkan']",0.9300000000000637,13.0
compra,1787.91,762,2025-05-06 11:15:00,desconocido,"['ADX', 'MACD_hist']",,
venta,1788.21,763,2025-05-06 11:16:00,desconocido,"['ADX', 'Ichimoku_Tenkan']",0.2999999999999545,1.0
compra,1787.53,764,2025-05-06 11:17:00,desconocido,"['ADX', 'MACD_hist']",,
venta,1786.72,770,2025-05-06 11:23:00,desconocido,"['MACD_hist', 'Ichimoku_Tenkan']",-0.8099999999999454,6.0
compra,1782.73,776,2025-05-06 11:29:00,desconocido,"['ADX', 'BB_Lower']",,
venta,1782.9,777,2025-05-06 11:30:00,desconocido,"['ADX', 'MACD_hist', 'Ichimoku_Tenkan']",0.17000000000007276,1.0
compra,1775.65,778,2025-05-06 11:31:00,desconocido,"['ADX', 'BB_Lower']",,
venta,1775.3,779,2025-05-06 11:32:00,desconocido,"['ADX', 'MACD_hist', 'Ichimoku_Tenkan']",-0.3500000000001364,1.0
compra,1773.73,780,2025-05-06 11:33:00,desconocido,"['ADX', 'BB_Lower']",,
venta,1774.42,781,2025-05-06 11:34:00,desconocido,"['ADX', 'MACD_hist', 'Ichimoku_Tenkan']",0.6900000000000546,1.0
compra,1778.31,784,2025-05-06 11:37:00,desconocido,"['ADX', 'Ichimoku_Tenkan']",,
venta,1777.23,785,2025-05-06 11:38:00,desconocido,"['ADX', 'MACD_hist']",-1.0799999999999272,1.0
compra,1775.22,791,2025-05-06 11:44:00,desconocido,"['ADX', 'MACD_hist']",,
venta,1774.56,792,2025-05-06 11:45:00,desconocido,"['ADX', 'Ichimoku_Tenkan']",-0.6600000000000819,1.0
compra,1774.69,793,2025-05-06 11:46:00,desconocido,"['ADX', 'MACD_hist']",,
venta,1772.21,794,2025-05-06 11:47:00,desconocido,"['ADX', 'Ichimoku_Tenkan']",-2.480000000000018,1.0
compra,1772.1,795,2025-05-06 11:48:00,desconocido,"['ADX', 'MACD_hist']",,
venta,1772.39,796,2025-05-06 11:49:00,desconocido,"['ADX', 'Ichimoku_Tenkan']",0.290000000000191,1.0
compra,1768.79,797,2025-05-06 11:50:00,desconocido,"['ADX', 'BB_Lower']",,
venta,1764.54,798,2025-05-06 11:51:00,desconocido,"['ADX', 'MACD_hist', 'Ichimoku_Tenkan', 'vender_por_perdida_atr']",-4.25,1.0
compra,1763.71,799,2025-05-06 11:52:00,desconocido,"['ADX', 'BB_Lower']",,
venta,1760.25,800,2025-05-06 11:53:00,desconocido,"['ADX', 'MACD_hist', 'Ichimoku_Tenkan']",-3.4600000000000364,1.0
compra,1765.79,803,2025-05-06 11:56:00,desconocido,"['ADX', 'Ichimoku_Tenkan']",,
venta,1766.62,804,2025-05-06 11:57:00,desconocido,"['ADX', 'MACD_hist']",0.8299999999999272,1.0
compra,1768.83,805,2025-05-06 11:58:00,desconocido,"['ADX', 'MACD_hist', 'Ichimoku_Tenkan']",,
venta,1771.42,820,2025-05-06 12:13:00,desconocido,"['ADX', 'Ichimoku_Tenkan']",2.5900000000001455,15.0
compra,1773.09,821,2025-05-06 12:14:00,desconocido,"['ADX', 'MACD_hist']",,
venta,1771.99,823,2025-05-06 12:16:00,desconocido,"['ADX', 'Ichimoku_Tenkan']",-1.099999999999909,2.0
compra,1773.44,825,2025-05-06 12:18:00,desconocido,"['MACD_hist', 'Ichimoku_Tenkan']",,
venta,1772.39,832,2025-05-06 12:25:00,desconocido,"['MACD_hist', 'Ichimoku_Tenkan']",-1.0499999999999545,7.0
compra,1774.12,840,2025-05-06 12:33:00,desconocido,"['MACD_hist', 'Ichimoku_Tenkan']",,
venta,1772.19,841,2025-05-06 12:34:00,desconocido,"['MACD_hist', 'Ichimoku_Tenkan']",-1.9299999999998363,1.0
compra,1773.61,846,2025-05-06 12:39:00,desconocido,"['MACD_hist', 'Ichimoku_Tenkan']",,
venta,1772.58,847,2025-05-06 12:40:00,desconocido,"['MACD_hist', 'Ichimoku_Tenkan']",-1.0299999999999727,1.0
compra,1774.21,848,2025-05-06 12:41:00,desconocido,"['MACD_hist', 'Ichimoku_Tenkan']",,
venta,1775.26,864,2025-05-06 12:57:00,desconocido,"['MACD_hist', 'Ichimoku_Tenkan']",1.0499999999999545,16.0
compra,1767.88,882,2025-05-06 13:15:00,desconocido,"['ADX', 'Ichimoku_Tenkan']",,
venta,1767.2,883,2025-05-06 13:16:00,desconocido,"['ADX', 'MACD_hist']",-0.6800000000000637,1.0
compra,1767.51,885,2025-05-06 13:18:00,desconocido,"['ADX', 'MACD_hist', 'Ichimoku_Tenkan']",,
venta,1766.19,887,2025-05-06 13:20:00,desconocido,"['ADX', 'Ichimoku_Tenkan']",-1.3199999999999363,2.0
compra,1766.17,891,2025-05-06 13:24:00,desconocido,"['ADX', 'MACD_hist']",,
venta,1766.16,892,2025-05-06 13:25:00,desconocido,"['ADX', 'Ichimoku_Tenkan']",-0.009999999999990905,1.0
compra,1765.43,893,2025-05-06 13:26:00,desconocido,"['ADX', 'MACD_hist']",,
venta,1762.91,894,2025-05-06 13:27:00,desconocido,"['ADX', 'Ichimoku_Tenkan', 'vender_por_perdida_atr']",-2.519999999999982,1.0
compra,1762.55,895,2025-05-06 13:28:00,desconocido,"['ADX', 'BB_Lower']",,
venta,1760.1,896,2025-05-06 13:29:00,desconocido,"['ADX', 'MACD_hist', 'Ichimoku_Tenkan']",-2.4500000000000455,1.0
compra,1759.77,897,2025-05-06 13:30:00,desconocido,"['ADX', 'BB_Lower']",,
venta,1763.09,898,2025-05-06 13:31:00,desconocido,"['ADX', 'MACD_hist']",3.3199999999999363,1.0
compra,1764.13,899,2025-05-06 13:32:00,desconocido,"['ADX', 'Ichimoku_Tenkan']",,
venta,1762.88,901,2025-05-06 13:34:00,desconocido,"['ADX', 'Ichimoku_Tenkan']",-1.25,2.0
compra,1765.17,902,2025-05-06 13:35:00,desconocido,"['ADX', 'MACD_hist', 'Ichimoku_Tenkan']",,
venta,1762.81,904,2025-05-06 13:37:00,desconocido,"['ADX', 'Ichimoku_Tenkan']",-2.3600000000001273,2.0
compra,1762.17,905,2025-05-06 13:38:00,desconocido,"['ADX', 'MACD_hist']",,
venta,1761.55,915,2025-05-06 13:48:00,desconocido,"['MACD_hist', 'Ichimoku_Tenkan']",-0.6200000000001182,10.0
compra,1755.0,918,2025-05-06 13:51:00,desconocido,"['ADX', 'BB_Lower']",,
venta,1753.9,919,2025-05-06 13:52:00,desconocido,"['ADX', 'MACD_hist', 'Ichimoku_Tenkan']",-1.099999999999909,1.0
compra,1759.22,922,2025-05-06 13:55:00,desconocido,"['ADX', 'Ichimoku_Tenkan']",,
venta,1760.77,923,2025-05-06 13:56:00,desconocido,"['ADX', 'MACD_hist']",1.5499999999999545,1.0
compra,1761.31,924,2025-05-06 13:57:00,desconocido,"['ADX', 'MACD_hist', 'Ichimoku_Tenkan']",,
venta,1769.82,937,2025-05-06 14:10:00,desconocido,['vender_por_ganancia_atr'],8.509999999999991,13.0
compra,1768.79,938,2025-05-06 14:11:00,desconocido,"['MACD_hist', 'Ichimoku_Tenkan']",,
venta,1778.1,949,2025-05-06 14:22:00,desconocido,"['ADX', 'BB_Upper', 'vender_por_ganancia_atr']",9.309999999999945,11.0
compra,1778.01,950,2025-05-06 14:23:00,desconocido,"['ADX', 'MACD_hist', 'Ichimoku_Tenkan']",,
venta,1774.8,952,2025-05-06 14:25:00,desconocido,"['ADX', 'Ichimoku_Tenkan']",-3.2100000000000364,2.0
compra,1775.58,961,2025-05-06 14:34:00,desconocido,"['ADX', 'Ichimoku_Tenkan']",,
venta,1777.22,962,2025-05-06 14:35:00,desconocido,"['ADX', 'MACD_hist']",1.6400000000001,1.0
compra,1767.99,1000,2025-05-06 15:13:00,desconocido,"['MACD_hist', 'Ichimoku_Tenkan']",,
venta,1773.81,1012,2025-05-06 15:25:00,desconocido,['vender_por_ganancia_atr'],5.819999999999936,12.0
compra,1775.15,1013,2025-05-06 15:26:00,desconocido,"['MACD_hist', 'Ichimoku_Tenkan']",,
venta,1773.72,1029,2025-05-06 15:42:00,desconocido,"['MACD_hist', 'Ichimoku_Tenkan']",-1.4300000000000637,16.0
compra,1762.55,1056,2025-05-06 16:09:00,desconocido,"['ADX', 'BB_Lower']",,
venta,1763.54,1057,2025-05-06 16:10:00,desconocido,"['ADX', 'MACD_hist', 'Ichimoku_Tenkan']",0.9900000000000091,1.0
compra,1767.7,1058,2025-05-06 16:11:00,desconocido,"['ADX', 'Ichimoku_Tenkan']",,
venta,1773.33,1060,2025-05-06 16:13:00,desconocido,"['ADX', 'BB_Upper']",5.629999999999882,2.0
compra,1774.19,1061,2025-05-06 16:14:00,desconocido,"['ADX', 'MACD_hist', 'Ichimoku_Tenkan']",,
venta,1769.72,1063,2025-05-06 16:16:00,desconocido,"['ADX', 'vender_por_perdida_atr']",-4.470000000000027,2.0
compra,1773.18,1064,2025-05-06 16:17:00,desconocido,"['MACD_hist', 'Ichimoku_Tenkan']",,
venta,1768.48,1067,2025-05-06 16:20:00,desconocido,"['Ichimoku_Tenkan', 'vender_por_perdida_atr']",-4.7000000000000455,3.0
compra,1769.1,1077,2025-05-06 16:30:00,desconocido,"['MACD_hist', 'Ichimoku_Tenkan']",,
venta,1769.55,1089,2025-05-06 16:42:00,desconocido,"['MACD_hist', 'Ichimoku_Tenkan']",0.4500000000000455,12.0
compra,1767.19,1109,2025-05-06 17:02:00,desconocido,"['MACD_hist', 'Ichimoku_Tenkan']",,
venta,1764.21,1111,2025-05-06 17:04:00,desconocido,"['Ichimoku_Tenkan', 'vender_por_perdida_atr']",-2.980000000000018,2.0
compra,1768.31,1112,2025-05-06 17:05:00,desconocido,"['MACD_hist', 'Ichimoku_Tenkan']",,
venta,1773.68,1126,2025-05-06 17:19:00,desconocido,['vender_por_ganancia_atr'],5.370000000000118,14.0
compra,1773.33,1127,2025-05-06 17:20:00,desconocido,"['MACD_hist', 'Ichimoku_Tenkan']",,
venta,1770.15,1130,2025-05-06 17:23:00,desconocido,"['MACD_hist', 'Ichimoku_Tenkan', 'vender_por_perdida_atr']",-3.1799999999998363,3.0
compra,1772.82,1133,2025-05-06 17:26:00,desconocido,"['MACD_hist', 'Ichimoku_Tenkan']",,
venta,1774.28,1143,2025-05-06 17:36:00,desconocido,"['ADX', 'Ichimoku_Tenkan']",1.4600000000000364,10.0
compra,1766.99,1163,2025-05-06 17:56:00,desconocido,"['ADX', 'Ichimoku_Tenkan']",,
venta,1767.43,1164,2025-05-06 17:57:00,desconocido,"['ADX', 'MACD_hist']",0.44000000000005457,1.0
compra,1767.61,1165,2025-05-06 17:58:00,desconocido,"['ADX', 'MACD_hist', 'Ichimoku_Tenkan']",,
venta,1769.88,1169,2025-05-06 18:02:00,desconocido,"['ADX', 'BB_Upper']",2.270000000000209,4.0
compra,1769.41,1170,2025-05-06 18:03:00,desconocido,"['MACD_hist', 'Ichimoku_Tenkan']",,
venta,1774.46,1184,2025-05-06 18:17:00,desconocido,"['BB_Upper', 'vender_por_ganancia_atr']",5.0499999999999545,14.0
compra,1774.08,1185,2025-05-06 18:18:00,desconocido,"['MACD_hist', 'Ichimoku_Tenkan']",,
venta,1777.63,1195,2025-05-06 18:28:00,desconocido,"['ADX', 'BB_Upper']",3.550000000000182,10.0
compra,1777.34,1196,2025-05-06 18:29:00,desconocido,"['ADX', 'MACD_hist', 'Ichimoku_Tenkan']",,
venta,1775.2,1198,2025-05-06 18:31:00,desconocido,"['ADX', 'Ichimoku_Tenkan', 'vender_por_perdida_atr']",-2.1399999999998727,2.0
compra,1776.49,1203,2025-05-06 18:36:00,desconocido,"['ADX', 'Ichimoku_Tenkan']",,
venta,1776.21,1204,2025-05-06 18:37:00,desconocido,"['ADX', 'MACD_hist', 'Ichimoku_Tenkan']",-0.2799999999999727,1.0
compra,1777.9,1205,2025-05-06 18:38:00,desconocido,"['ADX', 'Ichimoku_Tenkan']",,
venta,1776.99,1206,2025-05-06 18:39:00,desconocido,"['ADX', 'MACD_hist']",-0.9100000000000819,1.0
compra,1777.24,1207,2025-05-06 18:40:00,desconocido,"['ADX', 'Ichimoku_Tenkan']",,
venta,1776.58,1208,2025-05-06 18:41:00,desconocido,"['ADX', 'MACD_hist']",-0.6600000000000819,1.0
compra,1777.16,1209,2025-05-06 18:42:00,desconocido,"['ADX', 'Ichimoku_Tenkan']",,
venta,1775.15,1210,2025-05-06 18:43:00,desconocido,"['ADX', 'MACD_hist', 'Ichimoku_Tenkan', 'vender_por_perdida_atr']",-2.009999999999991,1.0
compra,1779.14,1222,2025-05-06 18:55:00,desconocido,"['MACD_hist', 'Ichimoku_Tenkan']",,
venta,1784.12,1223,2025-05-06 18:56:00,desconocido,"['BB_Upper', 'vender_por_ganancia_atr']",4.979999999999791,1.0
compra,1784.37,1224,2025-05-06 18:57:00,desconocido,"['ADX', 'MACD_hist', 'Ichimoku_Tenkan']",,
venta,1784.57,1225,2025-05-06 18:58:00,desconocido,"['ADX', 'BB_Upper']",0.20000000000004547,1.0
compra,1790.12,1226,2025-05-06 18:59:00,desconocido,"['ADX', 'MACD_hist', 'Ichimoku_Tenkan']",,
venta,1792.34,1227,2025-05-06 19:00:00,desconocido,"['RSI', 'ADX', 'BB_Upper']",2.2200000000000273,1.0
compra,1798.17,1228,2025-05-06 19:01:00,desconocido,"['ADX', 'MACD_hist', 'Ichimoku_Tenkan']",,
venta,1792.71,1230,2025-05-06 19:03:00,desconocido,"['ADX', 'vender_por_perdida_atr']",-5.460000000000036,2.0
compra,1788.24,1231,2025-05-06 19:04:00,desconocido,"['ADX', 'MACD_hist']",,
venta,1786.63,1232,2025-05-06 19:05:00,desconocido,"['ADX', 'Ichimoku_Tenkan']",-1.6099999999999,1.0
compra,1789.39,1255,2025-05-06 19:28:00,desconocido,"['MACD_hist', 'Ichimoku_Tenkan']",,
venta,1787.9,1258,2025-05-06 19:31:00,desconocido,"['MACD_hist', 'Ichimoku_Tenkan']",-1.490000000000009,3.0
compra,1790.94,1260,2025-05-06 19:33:00,desconocido,"['MACD_hist', 'Ichimoku_Tenkan']",,
venta,1789.3,1265,2025-05-06 19:38:00,desconocido,"['MACD_hist', 'Ichimoku_Tenkan']",-1.6400000000001,5.0
compra,1791.34,1271,2025-05-06 19:44:00,desconocido,"['MACD_hist', 'Ichimoku_Tenkan']",,
venta,1790.0,1273,2025-05-06 19:46:00,desconocido,"['MACD_hist', 'Ichimoku_Tenkan']",-1.3399999999999181,2.0
compra,1787.69,1292,2025-05-06 20:05:00,desconocido,"['ADX', 'Ichimoku_Tenkan']",,
venta,1785.48,1294,2025-05-06 20:07:00,desconocido,['vender_por_perdida_atr'],-2.2100000000000364,2.0
compra,1785.6,1296,2025-05-06 20:09:00,desconocido,"['MACD_hist', 'Ichimoku_Tenkan']",,
venta,1785.52,1308,2025-05-06 20:21:00,desconocido,"['MACD_hist', 'Ichimoku_Tenkan']",-0.07999999999992724,12.0
compra,1776.58,1318,2025-05-06 20:31:00,desconocido,"['ADX', 'BB_Lower']",,
venta,1777.3,1319,2025-05-06 20:32:00,desconocido,"['ADX', 'MACD_hist', 'Ichimoku_Tenkan']",0.7200000000000273,1.0
compra,1769.57,1322,2025-05-06 20:35:00,desconocido,"['ADX', 'BB_Lower']",,
venta,1769.58,1323,2025-05-06 20:36:00,desconocido,"['ADX', 'MACD_hist', 'Ichimoku_Tenkan']",0.009999999999990905,1.0
compra,1773.24,1330,2025-05-06 20:43:00,desconocido,"['ADX', 'MACD_hist', 'Ichimoku_Tenkan']",,
venta,1771.89,1334,2025-05-06 20:47:00,desconocido,"['ADX', 'Ichimoku_Tenkan']",-1.349999999999909,4.0
compra,1770.79,1335,2025-05-06 20:48:00,desconocido,"['ADX', 'MACD_hist']",,
venta,1771.25,1336,2025-05-06 20:49:00,desconocido,"['ADX', 'Ichimoku_Tenkan']",0.4600000000000364,1.0
compra,1770.01,1337,2025-05-06 20:50:00,desconocido,"['ADX', 'MACD_hist']",,
venta,1775.0,1343,2025-05-06 20:56:00,desconocido,"['ADX', 'vender_por_ganancia_atr']",4.990000000000009,6.0
compra,1776.46,1344,2025-05-06 20:57:00,desconocido,"['ADX', 'MACD_hist', 'Ichimoku_Tenkan']",,
venta,1776.7,1359,2025-05-06 21:12:00,desconocido,"['MACD_hist', 'Ichimoku_Tenkan']",0.2400000000000091,15.0
compra,1767.3,1376,2025-05-06 21:29:00,desconocido,"['ADX', 'BB_Lower']",,
venta,1766.84,1377,2025-05-06 21:30:00,desconocido,"['ADX', 'MACD_hist', 'Ichimoku_Tenkan']",-0.4600000000000364,1.0
compra,1770.09,1378,2025-05-06 21:31:00,desconocido,"['ADX', 'Ichimoku_Tenkan']",,
venta,1769.68,1379,2025-05-06 21:32:00,desconocido,"['ADX', 'MACD_hist']",-0.4099999999998545,1.0
compra,1769.53,1381,2025-05-06 21:34:00,desconocido,"['ADX', 'Ichimoku_Tenkan']",,
venta,1766.69,1383,2025-05-06 21:36:00,desconocido,"['ADX', 'MACD_hist', 'Ichimoku_Tenkan', 'vender_por_perdida_atr']",-2.839999999999918,2.0
compra,1768.67,1384,2025-05-06 21:37:00,desconocido,"['ADX', 'Ichimoku_Tenkan']",,
venta,1773.85,1393,2025-05-06 21:46:00,desconocido,['vender_por_ganancia_atr'],5.179999999999836,9.0
compra,1773.76,1394,2025-05-06 21:47:00,desconocido,"['MACD_hist', 'Ichimoku_Tenkan']",,
venta,1801.23,1405,2025-05-06 22:31:00,desconocido,"['RSI', 'BB_Upper', 'vender_por_ganancia_atr']",27.470000000000027,11.0
compra,1799.29,1406,2025-05-06 22:32:00,desconocido,"['ADX', 'MACD_hist', 'Ichimoku_Tenkan']",,
venta,1798.19,1407,2025-05-06 22:33:00,desconocido,"['ADX', 'BB_Upper']",-1.099999999999909,1.0
compra,1801.19,1408,2025-05-06 22:34:00,desconocido,"['ADX', 'MACD_hist', 'Ichimoku_Tenkan']",,
venta,1800.02,1413,2025-05-06 22:39:00,desconocido,"['ADX', 'Ichimoku_Tenkan']",-1.1700000000000728,5.0
compra,1803.42,1414,2025-05-06 22:40:00,desconocido,"['ADX', 'MACD_hist', 'Ichimoku_Tenkan']",,
venta,1804.09,1420,2025-05-06 22:46:00,desconocido,"['ADX', 'MACD_hist']",0.6699999999998454,6.0
compra,1805.85,1421,2025-05-06 22:47:00,desconocido,"['ADX', 'Ichimoku_Tenkan']",,
venta,1806.53,1422,2025-05-06 22:48:00,desconocido,"['ADX', 'MACD_hist']",0.6800000000000637,1.0
compra,1806.25,1423,2025-05-06 22:49:00,desconocido,"['ADX', 'Ichimoku_Tenkan']",,
venta,1810.29,1424,2025-05-06 22:50:00,desconocido,"['ADX', 'MACD_hist', 'BB_Upper']",4.039999999999964,1.0
compra,1812.09,1425,2025-05-06 22:51:00,desconocido,"['ADX', 'Ichimoku_Tenkan']",,
venta,1809.55,1426,2025-05-06 22:52:00,desconocido,"['ADX', 'MACD_hist']",-2.5399999999999636,1.0
compra,1809.51,1427,2025-05-06 22:53:00,desconocido,"['ADX', 'Ichimoku_Tenkan']",,
venta,1811.18,1428,2025-05-06 22:54:00,desconocido,"['ADX', 'MACD_hist']",1.6700000000000728,1.0
compra,1808.9,1429,2025-05-06 22:55:00,desconocido,"['ADX', 'Ichimoku_Tenkan']",,
venta,1809.28,1430,2025-05-06 22:56:00,desconocido,"['ADX', 'MACD_hist', 'Ichimoku_Tenkan']",0.37999999999988177,1.0
compra,1809.86,1431,2025-05-06 22:57:00,desconocido,"['ADX', 'Ichimoku_Tenkan']",,
venta,1811.4,1432,2025-05-06 22:58:00,desconocido,"['ADX', 'MACD_hist']",1.540000000000191,1.0
compra,1811.11,1433,2025-05-06 22:59:00,desconocido,"['ADX', 'Ichimoku_Tenkan']",,
venta,1811.19,1434,2025-05-06 23:00:00,desconocido,"['ADX', 'MACD_hist']",0.08000000000015461,1.0
compra,1803.0,1442,2025-05-06 23:08:00,desconocido,"['ADX', 'BB_Lower']",,
venta,1804.65,1443,2025-05-06 23:09:00,desconocido,"['ADX', 'MACD_hist', 'Ichimoku_Tenkan']",1.650000000000091,1.0
compra,1805.69,1448,2025-05-06 23:14:00,desconocido,"['ADX', 'Ichimoku_Tenkan']",,
venta,1806.63,1449,2025-05-06 23:15:00,desconocido,"['ADX', 'MACD_hist']",0.9400000000000546,1.0
compra,1808.45,1450,2025-05-06 23:16:00,desconocido,"['ADX', 'Ichimoku_Tenkan']",,
venta,1809.22,1451,2025-05-06 23:17:00,desconocido,"['ADX', 'MACD_hist']",0.7699999999999818,1.0
compra,1809.34,1452,2025-05-06 23:18:00,desconocido,"['ADX', 'Ichimoku_Tenkan']",,
venta,1813.1,1457,2025-05-06 23:23:00,desconocido,"['ADX', 'BB_Upper']",3.759999999999991,5.0
compra,1815.2,1458,2025-05-06 23:24:00,desconocido,"['ADX', 'MACD_hist', 'Ichimoku_Tenkan']",,
venta,1817.69,1459,2025-05-06 23:25:00,desconocido,"['ADX', 'BB_Upper']",2.490000000000009,1.0
compra,1815.33,1460,2025-05-06 23:26:00,desconocido,"['ADX', 'MACD_hist', 'Ichimoku_Tenkan']",,
venta,1813.51,1464,2025-05-06 23:30:00,desconocido,"['ADX', 'Ichimoku_Tenkan']",-1.8199999999999363,4.0
compra,1814.97,1476,2025-05-06 23:42:00,desconocido,"['ADX', 'Ichimoku_Tenkan']",,
venta,1818.55,1479,2025-05-06 23:45:00,desconocido,"['ADX', 'BB_Upper']",3.5799999999999272,3.0
compra,1817.41,1480,2025-05-06 23:46:00,desconocido,"['ADX', 'MACD_hist', 'Ichimoku_Tenkan']",,
venta,1816.67,1485,2025-05-06 23:51:00,desconocido,"['ADX', 'Ichimoku_Tenkan']",-0.7400000000000091,5.0
compra,1817.21,1489,2025-05-06 23:55:00,desconocido,"['ADX', 'Ichimoku_Tenkan']",,
venta,1815.74,1490,2025-05-06 23:56:00,desconocido,"['ADX', 'MACD_hist', 'Ichimoku_Tenkan']",-1.4700000000000273,1.0
compra,1817.0,1493,2025-05-06 23:59:00,desconocido,"['ADX', 'Ichimoku_Tenkan']",,
venta,1817.29,1494,2025-05-07 00:00:00,desconocido,"['ADX', 'MACD_hist']",0.2899999999999636,1.0
compra,1817.29,1495,2025-05-07 00:01:00,desconocido,"['ADX', 'Ichimoku_Tenkan']",,
venta,1816.75,1496,2025-05-07 00:02:00,desconocido,"['MACD_hist', 'Ichimoku_Tenkan']",-0.5399999999999636,1.0
compra,1819.07,1504,2025-05-07 00:10:00,desconocido,"['ADX', 'Ichimoku_Tenkan']",,
venta,1817.34,1505,2025-05-07 00:11:00,desconocido,"['MACD_hist', 'Ichimoku_Tenkan']",-1.7300000000000182,1.0
compra,1821.4,1509,2025-05-07 00:15:00,desconocido,"['MACD_hist', 'Ichimoku_Tenkan']",,
venta,1822.83,1513,2025-05-07 00:19:00,desconocido,"['ADX', 'BB_Upper']",1.4299999999998363,4.0
compra,1825.76,1514,2025-05-07 00:20:00,desconocido,"['ADX', 'MACD_hist', 'Ichimoku_Tenkan']",,
venta,1834.8,1515,2025-05-07 00:21:00,desconocido,"['ADX', 'BB_Upper', 'vender_por_ganancia_atr']",9.039999999999964,1.0
compra,1844.52,1516,2025-05-07 00:22:00,desconocido,"['ADX', 'MACD_hist', 'Ichimoku_Tenkan']",,
venta,1839.8,1517,2025-05-07 00:23:00,desconocido,"['ADX', 'BB_Upper']",-4.720000000000027,1.0
compra,1839.33,1518,2025-05-07 00:24:00,desconocido,"['ADX', 'MACD_hist', 'Ichimoku_Tenkan']",,
venta,1838.61,1524,2025-05-07 00:30:00,desconocido,"['ADX', 'Ichimoku_Tenkan']",-0.7200000000000273,6.0
compra,1836.6,1525,2025-05-07 00:31:00,desconocido,"['ADX', 'MACD_hist']",,
venta,1832.26,1526,2025-05-07 00:32:00,desconocido,"['ADX', 'MACD_hist', 'Ichimoku_Tenkan']",-4.339999999999918,1.0
compra,1838.37,1529,2025-05-07 00:35:00,desconocido,"['ADX', 'Ichimoku_Tenkan']",,
venta,1839.54,1530,2025-05-07 00:36:00,desconocido,"['ADX', 'MACD_hist']",1.1700000000000728,1.0
compra,1839.69,1531,2025-05-07 00:37:00,desconocido,"['ADX', 'Ichimoku_Tenkan']",,
venta,1836.53,1532,2025-05-07 00:38:00,desconocido,"['ADX', 'MACD_hist']",-3.160000000000082,1.0
compra,1837.26,1534,2025-05-07 00:40:00,desconocido,"['ADX', 'Ichimoku_Tenkan']",,
venta,1837.52,1535,2025-05-07 00:41:00,desconocido,"['ADX', 'MACD_hist']",0.2599999999999909,1.0
compra,1838.2,1536,2025-05-07 00:42:00,desconocido,"['ADX', 'Ichimoku_Tenkan']",,
venta,1836.99,1537,2025-05-07 00:43:00,desconocido,"['ADX', 'MACD_hist', 'Ichimoku_Tenkan']",-1.2100000000000364,1.0
compra,1838.79,1539,2025-05-07 00:45:00,desconocido,"['ADX', 'Ichimoku_Tenkan']",,
venta,1837.72,1540,2025-05-07 00:46:00,desconocido,"['ADX', 'MACD_hist']",-1.0699999999999363,1.0
compra,1838.97,1541,2025-05-07 00:47:00,desconocido,"['ADX', 'Ichimoku_Tenkan']",,
venta,1836.6,1542,2025-05-07 00:48:00,desconocido,"['ADX', 'MACD_hist', 'Ichimoku_Tenkan']",-2.3700000000001182,1.0
compra,1838.84,1546,2025-05-07 00:52:00,desconocido,"['ADX', 'Ichimoku_Tenkan']",,
venta,1838.91,1547,2025-05-07 00:53:00,desconocido,"['ADX', 'MACD_hist']",0.07000000000016371,1.0
compra,1839.88,1548,2025-05-07 00:54:00,desconocido,"['ADX', 'Ichimoku_Tenkan']",,
venta,1841.4,1549,2025-05-07 00:55:00,desconocido,"['ADX', 'MACD_hist', 'BB_Upper']",1.5199999999999818,1.0
compra,1842.23,1553,2025-05-07 00:59:00,desconocido,"['ADX', 'Ichimoku_Tenkan']",,
venta,1843.62,1554,2025-05-07 01:00:00,desconocido,"['ADX', 'BB_Upper']",1.3899999999998727,1.0
compra,1844.1,1555,2025-05-07 01:01:00,desconocido,"['ADX', 'MACD_hist', 'Ichimoku_Tenkan']",,
venta,1849.39,1556,2025-05-07 01:02:00,desconocido,"['ADX', 'BB_Upper']",5.290000000000191,1.0
compra,1847.22,1557,2025-05-07 01:03:00,desconocido,"['ADX', 'MACD_hist', 'Ichimoku_Tenkan']",,
venta,1843.19,1560,2025-05-07 01:06:00,desconocido,"['ADX', 'Ichimoku_Tenkan', 'vender_por_perdida_atr']",-4.029999999999973,3.0
compra,1843.79,1561,2025-05-07 01:07:00,desconocido,"['ADX', 'MACD_hist']",,
venta,1842.11,1562,2025-05-07 01:08:00,desconocido,"['ADX', 'MACD_hist', 'Ichimoku_Tenkan']",-1.6800000000000637,1.0
compra,1844.36,1567,2025-05-07 01:13:00,desconocido,"['ADX', 'Ichimoku_Tenkan']",,
venta,1844.76,1568,2025-05-07 01:14:00,desconocido,"['ADX', 'MACD_hist']",0.40000000000009095,1.0
compra,1845.21,1569,2025-05-07 01:15:00,desconocido,"['ADX', 'Ichimoku_Tenkan']",,
venta,1842.95,1570,2025-05-07 01:16:00,desconocido,"['ADX', 'MACD_hist', 'Ichimoku_Tenkan']",-2.259999999999991,1.0
compra,1844.03,1571,2025-05-07 01:17:00,desconocido,"['ADX', 'Ichimoku_Tenkan']",,
venta,1843.19,1572,2025-05-07 01:18:00,desconocido,"['ADX', 'MACD_hist', 'Ichimoku_Tenkan']",-0.8399999999999181,1.0
compra,1845.88,1573,2025-05-07 01:19:00,desconocido,"['ADX', 'Ichimoku_Tenkan']",,
venta,1845.11,1577,2025-05-07 01:23:00,desconocido,"['ADX', 'MACD_hist', 'Ichimoku_Tenkan']",-0.7700000000002092,4.0
compra,1846.0,1578,2025-05-07 01:24:00,desconocido,"['ADX', 'Ichimoku_Tenkan']",,
venta,1848.24,1579,2025-05-07 01:25:00,desconocido,"['ADX', 'BB_Upper']",2.240000000000009,1.0
compra,1846.22,1580,2025-05-07 01:26:00,desconocido,"['ADX', 'MACD_hist', 'Ichimoku_Tenkan']",,
venta,1846.09,1581,2025-05-07 01:27:00,desconocido,"['ADX', 'MACD_hist', 'Ichimoku_Tenkan']",-0.13000000000010914,1.0
compra,1847.39,1582,2025-05-07 01:28:00,desconocido,"['ADX', 'Ichimoku_Tenkan']",,
venta,1846.7,1583,2025-05-07 01:29:00,desconocido,"['ADX', 'MACD_hist', 'Ichimoku_Tenkan']",-0.6900000000000546,1.0
compra,1842.2,1606,2025-05-07 01:52:00,desconocido,"['MACD_hist', 'Ichimoku_Tenkan']",,
venta,1833.97,1610,2025-05-07 01:56:00,desconocido,"['MACD_hist', 'Ichimoku_Tenkan', 'vender_por_perdida_atr']",-8.230000000000018,4.0
compra,1827.06,1627,2025-05-07 02:13:00,desconocido,"['ADX', 'Ichimoku_Tenkan']",,
venta,1828.71,1628,2025-05-07 02:14:00,desconocido,"['ADX', 'MACD_hist']",1.650000000000091,1.0
compra,1827.13,1629,2025-05-07 02:15:00,desconocido,"['ADX', 'MACD_hist', 'Ichimoku_Tenkan']",,
venta,1826.29,1630,2025-05-07 02:16:00,desconocido,"['ADX', 'Ichimoku_Tenkan']",-0.8400000000001455,1.0
compra,1827.47,1631,2025-05-07 02:17:00,desconocido,"['ADX', 'MACD_hist', 'Ichimoku_Tenkan']",,
venta,1826.51,1639,2025-05-07 02:25:00,desconocido,"['ADX', 'Ichimoku_Tenkan']",-0.9600000000000364,8.0
compra,1827.05,1640,2025-05-07 02:26:00,desconocido,"['ADX', 'MACD_hist']",,
venta,1826.38,1641,2025-05-07 02:27:00,desconocido,"['ADX', 'Ichimoku_Tenkan']",-0.6699999999998454,1.0
compra,1826.51,1642,2025-05-07 02:28:00,desconocido,"['ADX', 'MACD_hist']",,
venta,1827.51,1643,2025-05-07 02:29:00,desconocido,"['ADX', 'Ichimoku_Tenkan']",1.0,1.0
compra,1827.6,1644,2025-05-07 02:30:00,desconocido,"['ADX', 'MACD_hist']",,
venta,1826.59,1645,2025-05-07 02:31:00,desconocido,"['ADX', 'Ichimoku_Tenkan']",-1.009999999999991,1.0
compra,1826.49,1646,2025-05-07 02:32:00,desconocido,"['ADX', 'MACD_hist']",,
venta,1826.9,1648,2025-05-07 02:34:00,desconocido,"['ADX', 'Ichimoku_Tenkan']",0.41000000000008185,2.0
compra,1827.2,1649,2025-05-07 02:35:00,desconocido,"['ADX', 'MACD_hist']",,
venta,1825.51,1658,2025-05-07 02:44:00,desconocido,"['MACD_hist', 'Ichimoku_Tenkan']",-1.6900000000000546,9.0
compra,1824.39,1672,2025-05-07 02:58:00,desconocido,"['MACD_hist', 'Ichimoku_Tenkan']",,
venta,1822.34,1676,2025-05-07 03:02:00,desconocido,"['MACD_hist', 'Ichimoku_Tenkan', 'vender_por_perdida_atr']",-2.050000000000182,4.0
compra,1824.99,1679,2025-05-07 03:05:00,desconocido,"['MACD_hist', 'Ichimoku_Tenkan']",,
venta,1821.72,1683,2025-05-07 03:09:00,desconocido,"['Ichimoku_Tenkan', 'vender_por_perdida_atr']",-3.269999999999982,4.0
compra,1825.23,1686,2025-05-07 03:12:00,desconocido,"['MACD_hist', 'Ichimoku_Tenkan']",,
venta,1821.73,1690,2025-05-07 03:16:00,desconocido,"['MACD_hist', 'Ichimoku_Tenkan', 'vender_por_perdida_atr']",-3.5,4.0
compra,1822.5,1700,2025-05-07 03:26:00,desconocido,"['MACD_hist', 'Ichimoku_Tenkan']",,
venta,1827.02,1712,2025-05-07 03:38:00,desconocido,['vender_por_ganancia_atr'],4.519999999999982,12.0
compra,1827.0,1713,2025-05-07 03:39:00,desconocido,"['MACD_hist', 'Ichimoku_Tenkan']",,
venta,1826.04,1723,2025-05-07 03:49:00,desconocido,"['MACD_hist', 'Ichimoku_Tenkan']",-0.9600000000000364,10.0
compra,1828.2,1737,2025-05-07 04:03:00,desconocido,"['MACD_hist', 'Ichimoku_Tenkan']",,
venta,1830.67,1744,2025-05-07 04:10:00,desconocido,"['ADX', 'BB_Upper']",2.4700000000000273,7.0
compra,1830.81,1745,2025-05-07 04:11:00,desconocido,"['ADX', 'MACD_hist', 'Ichimoku_Tenkan']",,
venta,1832.81,1746,2025-05-07 04:12:00,desconocido,"['ADX', 'BB_Upper']",2.0,1.0
compra,1833.21,1747,2025-05-07 04:13:00,desconocido,"['ADX', 'MACD_hist', 'Ichimoku_Tenkan']",,
venta,1831.01,1749,2025-05-07 04:15:00,desconocido,"['ADX', 'vender_por_perdida_atr']",-2.2000000000000455,2.0
compra,1830.81,1750,2025-05-07 04:16:00,desconocido,"['ADX', 'MACD_hist', 'Ichimoku_Tenkan']",,
venta,1830.64,1751,2025-05-07 04:17:00,desconocido,"['ADX', 'Ichimoku_Tenkan']",-0.16999999999984539,1.0
compra,1827.35,1780,2025-05-07 04:46:00,desconocido,"['MACD_hist', 'Ichimoku_Tenkan']",,
venta,1825.34,1781,2025-05-07 04:47:00,desconocido,"['MACD_hist', 'Ichimoku_Tenkan', 'vender_por_perdida_atr']",-2.009999999999991,1.0
compra,1827.3,1787,2025-05-07 04:53:00,desconocido,"['MACD_hist', 'Ichimoku_Tenkan']",,
venta,1826.51,1800,2025-05-07 05:06:00,desconocido,"['MACD_hist', 'Ichimoku_Tenkan']",-0.7899999999999636,13.0
compra,1828.6,1804,2025-05-07 05:10:00,desconocido,"['MACD_hist', 'Ichimoku_Tenkan']",,
venta,1826.21,1809,2025-05-07 05:15:00,desconocido,"['MACD_hist', 'Ichimoku_Tenkan', 'vender_por_perdida_atr']",-2.3899999999998727,5.0
compra,1829.21,1814,2025-05-07 05:20:00,desconocido,"['MACD_hist', 'Ichimoku_Tenkan']",,
venta,1827.69,1820,2025-05-07 05:26:00,desconocido,"['Ichimoku_Tenkan', 'vender_por_perdida_atr']",-1.5199999999999818,6.0
compra,1829.11,1824,2025-05-07 05:30:00,desconocido,"['MACD_hist', 'Ichimoku_Tenkan']",,
venta,1827.87,1827,2025-05-07 05:33:00,desconocido,"['MACD_hist', 'Ichimoku_Tenkan']",-1.240000000000009,3.0
compra,1827.93,1837,2025-05-07 05:43:00,desconocido,"['MACD_hist', 'Ichimoku_Tenkan']",,
venta,1826.71,1838,2025-05-07 05:44:00,desconocido,"['MACD_hist', 'Ichimoku_Tenkan']",-1.2200000000000273,1.0
compra,1828.89,1841,2025-05-07 05:47:00,desconocido,"['MACD_hist', 'Ichimoku_Tenkan']",,
venta,1827.11,1843,2025-05-07 05:49:00,desconocido,"['Ichimoku_Tenkan', 'vender_por_perdida_atr']",-1.7800000000002,2.0
compra,1828.61,1845,2025-05-07 05:51:00,desconocido,"['MACD_hist', 'Ichimoku_Tenkan']",,
venta,1827.03,1848,2025-05-07 05:54:00,desconocido,"['Ichimoku_Tenkan', 'vender_por_perdida_atr']",-1.5799999999999272,3.0
compra,1828.28,1852,2025-05-07 05:58:00,desconocido,"['MACD_hist', 'Ichimoku_Tenkan']",,
venta,1831.09,1858,2025-05-07 06:04:00,desconocido,"['BB_Upper', 'vender_por_ganancia_atr']",2.8099999999999454,6.0
compra,1832.31,1859,2025-05-07 06:05:00,desconocido,"['MACD_hist', 'Ichimoku_Tenkan']",,
venta,1832.71,1874,2025-05-07 06:20:00,desconocido,"['ADX', 'MACD_hist', 'Ichimoku_Tenkan']",0.40000000000009095,15.0
compra,1830.09,1881,2025-05-07 06:27:00,desconocido,"['ADX', 'BB_Lower']",,
venta,1828.8,1882,2025-05-07 06:28:00,desconocido,"['ADX', 'MACD_hist', 'Ichimoku_Tenkan', 'vender_por_perdida_atr']",-1.2899999999999636,1.0
compra,1828.79,1883,2025-05-07 06:29:00,desconocido,"['ADX', 'BB_Lower']",,
venta,1827.73,1884,2025-05-07 06:30:00,desconocido,"['ADX', 'MACD_hist', 'Ichimoku_Tenkan']",-1.0599999999999454,1.0
compra,1829.11,1890,2025-05-07 06:36:00,desconocido,"['ADX', 'Ichimoku_Tenkan']",,
venta,1827.79,1891,2025-05-07 06:37:00,desconocido,"['ADX', 'MACD_hist', 'Ichimoku_Tenkan']",-1.3199999999999363,1.0
compra,1829.49,1895,2025-05-07 06:41:00,desconocido,"['MACD_hist', 'Ichimoku_Tenkan']",,
venta,1827.84,1898,2025-05-07 06:44:00,desconocido,"['Ichimoku_Tenkan', 'vender_por_perdida_atr']",-1.650000000000091,3.0
compra,1828.71,1902,2025-05-07 06:48:00,desconocido,"['MACD_hist', 'Ichimoku_Tenkan']",,
venta,1831.51,1917,2025-05-07 07:03:00,desconocido,['vender_por_ganancia_atr'],2.7999999999999545,15.0
compra,1831.5,1918,2025-05-07 07:04:00,desconocido,"['MACD_hist', 'Ichimoku_Tenkan']",,
venta,1832.6,1932,2025-05-07 07:18:00,desconocido,"['MACD_hist', 'Ichimoku_Tenkan']",1.099999999999909,14.0
compra,1833.8,1934,2025-05-07 07:20:00,desconocido,"['MACD_hist', 'Ichimoku_Tenkan']",,
venta,1833.8,1944,2025-05-07 07:30:00,desconocido,"['ADX', 'MACD_hist', 'Ichimoku_Tenkan']",0.0,10.0
compra,1834.62,1947,2025-05-07 07:33:00,desconocido,"['ADX', 'Ichimoku_Tenkan']",,
venta,1835.35,1948,2025-05-07 07:34:00,desconocido,"['ADX', 'MACD_hist']",0.7300000000000182,1.0
compra,1834.75,1960,2025-05-07 07:46:00,desconocido,"['MACD_hist', 'Ichimoku_Tenkan']",,
venta,1838.17,1972,2025-05-07 07:58:00,desconocido,"['BB_Upper', 'vender_por_ganancia_atr']",3.4200000000000728,12.0
compra,1838.24,1973,2025-05-07 07:59:00,desconocido,"['MACD_hist', 'Ichimoku_Tenkan']",,
venta,1839.55,1976,2025-05-07 08:02:00,desconocido,"['ADX', 'BB_Upper']",1.3099999999999454,3.0
compra,1837.39,1977,2025-05-07 08:03:00,desconocido,"['ADX', 'MACD_hist']",,
venta,1837.54,1978,2025-05-07 08:04:00,desconocido,"['ADX', 'Ichimoku_Tenkan']",0.14999999999986358,1.0
compra,1834.53,1985,2025-05-07 08:11:00,desconocido,"['ADX', 'BB_Lower']",,
venta,1835.4,1986,2025-05-07 08:12:00,desconocido,"['ADX', 'MACD_hist', 'Ichimoku_Tenkan']",0.8700000000001182,1.0
compra,1836.75,1995,2025-05-07 08:21:00,desconocido,"['MACD_hist', 'Ichimoku_Tenkan']",,
venta,1839.02,2006,2025-05-07 08:32:00,desconocido,"['ADX', 'BB_Upper']",2.269999999999982,11.0
compra,1839.19,2007,2025-05-07 08:33:00,desconocido,"['ADX', 'MACD_hist', 'Ichimoku_Tenkan']",,
venta,1842.63,2012,2025-05-07 08:38:00,desconocido,"['ADX', 'BB_Upper']",3.4400000000000546,5.0
compra,1843.45,2013,2025-05-07 08:39:00,desconocido,"['ADX', 'MACD_hist', 'Ichimoku_Tenkan']",,
venta,1843.17,2014,2025-05-07 08:40:00,desconocido,"['ADX', 'BB_Upper']",-0.2799999999999727,1.0
compra,1842.37,2015,2025-05-07 08:41:00,desconocido,"['ADX', 'MACD_hist', 'Ichimoku_Tenkan']",,
venta,1842.19,2021,2025-05-07 08:47:00,desconocido,"['ADX', 'Ichimoku_Tenkan']",-0.1799999999998363,6.0
compra,1842.56,2022,2025-05-07 08:48:00,desconocido,"['ADX', 'MACD_hist', 'Ichimoku_Tenkan']",,
venta,1841.11,2023,2025-05-07 08:49:00,desconocido,"['ADX', 'MACD_hist', 'Ichimoku_Tenkan']",-1.4500000000000455,1.0
compra,1843.22,2037,2025-05-07 09:03:00,desconocido,"['MACD_hist', 'Ichimoku_Tenkan']",,
venta,1842.01,2040,2025-05-07 09:06:00,desconocido,"['ADX', 'Ichimoku_Tenkan']",-1.2100000000000364,3.0
compra,1840.32,2059,2025-05-07 09:25:00,desconocido,"['MACD_hist', 'Ichimoku_Tenkan']",,
venta,1839.12,2067,2025-05-07 09:33:00,desconocido,"['MACD_hist', 'Ichimoku_Tenkan']",-1.2000000000000455,8.0
compra,1840.04,2069,2025-05-07 09:35:00,desconocido,"['MACD_hist', 'Ichimoku_Tenkan']",,
venta,1842.8,2074,2025-05-07 09:40:00,desconocido,"['BB_Upper', 'vender_por_ganancia_atr']",2.759999999999991,5.0
compra,1844.14,2075,2025-05-07 09:41:00,desconocido,"['MACD_hist', 'Ichimoku_Tenkan']",,
venta,1843.45,2085,2025-05-07 09:51:00,desconocido,"['ADX', 'Ichimoku_Tenkan']",-0.6900000000000546,10.0
compra,1844.01,2091,2025-05-07 09:57:00,desconocido,"['ADX', 'Ichimoku_Tenkan']",,
venta,1843.9,2092,2025-05-07 09:58:00,desconocido,"['ADX', 'MACD_hist']",-0.10999999999989996,1.0
compra,1844.04,2093,2025-05-07 09:59:00,desconocido,"['ADX', 'Ichimoku_Tenkan']",,
venta,1844.0,2094,2025-05-07 10:00:00,desconocido,"['ADX', 'MACD_hist']",-0.03999999999996362,1.0
compra,1844.49,2096,2025-05-07 10:02:00,desconocido,"['ADX', 'Ichimoku_Tenkan']",,
venta,1843.41,2097,2025-05-07 10:03:00,desconocido,"['ADX', 'MACD_hist', 'Ichimoku_Tenkan']",-1.0799999999999272,1.0
compra,1845.11,2098,2025-05-07 10:04:00,desconocido,"['ADX', 'Ichimoku_Tenkan']",,
venta,1847.04,2099,2025-05-07 10:05:00,desconocido,"['ADX', 'BB_Upper']",1.9300000000000637,1.0
compra,1844.02,2100,2025-05-07 10:06:00,desconocido,"['ADX', 'MACD_hist']",,
venta,1843.56,2101,2025-05-07 10:07:00,desconocido,"['ADX', 'MACD_hist', 'Ichimoku_Tenkan']",-0.4600000000000364,1.0
compra,1845.39,2102,2025-05-07 10:08:00,desconocido,"['ADX', 'MACD_hist', 'Ichimoku_Tenkan']",,
venta,1844.0,2103,2025-05-07 10:09:00,desconocido,"['ADX', 'MACD_hist', 'Ichimoku_Tenkan']",-1.3900000000001,1.0
compra,1844.56,2104,2025-05-07 10:10:00,desconocido,"['ADX', 'Ichimoku_Tenkan']",,
venta,1844.3,2105,2025-05-07 10:11:00,desconocido,"['ADX', 'MACD_hist', 'Ichimoku_Tenkan']",-0.2599999999999909,1.0
compra,1844.73,2106,2025-05-07 10:12:00,desconocido,"['ADX', 'Ichimoku_Tenkan']",,
venta,1844.17,2107,2025-05-07 10:13:00,desconocido,"['ADX', 'MACD_hist', 'Ichimoku_Tenkan']",-0.5599999999999454,1.0
compra,1842.0,2110,2025-05-07 10:16:00,desconocido,"['ADX', 'BB_Lower']",,
venta,1842.0,2111,2025-05-07 10:17:00,desconocido,"['MACD_hist', 'Ichimoku_Tenkan']",0.0,1.0
compra,1832.62,2124,2025-05-07 10:30:00,desconocido,"['ADX', 'BB_Lower']",,
venta,1831.49,2125,2025-05-07 10:31:00,desconocido,"['ADX', 'MACD_hist', 'Ichimoku_Tenkan']",-1.1299999999998818,1.0
compra,1835.48,2127,2025-05-07 10:33:00,desconocido,"['ADX', 'Ichimoku_Tenkan']",,
venta,1836.1,2128,2025-05-07 10:34:00,desconocido,"['ADX', 'MACD_hist']",0.6199999999998909,1.0
compra,1837.99,2129,2025-05-07 10:35:00,desconocido,"['ADX', 'MACD_hist', 'Ichimoku_Tenkan']",,
venta,1837.71,2140,2025-05-07 10:46:00,desconocido,"['ADX', 'Ichimoku_Tenkan']",-0.2799999999999727,11.0
compra,1837.41,2141,2025-05-07 10:47:00,desconocido,"['ADX', 'MACD_hist']",,
venta,1835.16,2143,2025-05-07 10:49:00,desconocido,"['ADX', 'Ichimoku_Tenkan', 'vender_por_perdida_atr']",-2.25,2.0
compra,1837.26,2144,2025-05-07 10:50:00,desconocido,"['ADX', 'MACD_hist', 'Ichimoku_Tenkan']",,
venta,1836.2,2145,2025-05-07 10:51:00,desconocido,"['ADX', 'Ichimoku_Tenkan']",-1.0599999999999454,1.0
compra,1833.27,2151,2025-05-07 10:57:00,desconocido,"['ADX', 'BB_Lower']",,
venta,1833.52,2152,2025-05-07 10:58:00,desconocido,"['ADX', 'MACD_hist', 'Ichimoku_Tenkan']",0.25,1.0
compra,1831.01,2155,2025-05-07 11:01:00,desconocido,"['ADX', 'BB_Lower']",,
venta,1831.76,2156,2025-05-07 11:02:00,desconocido,"['ADX', 'MACD_hist', 'Ichimoku_Tenkan']",0.75,1.0
compra,1833.81,2158,2025-05-07 11:04:00,desconocido,"['ADX', 'Ichimoku_Tenkan']",,
venta,1833.71,2159,2025-05-07 11:05:00,desconocido,"['ADX', 'MACD_hist']",-0.09999999999990905,1.0
compra,1833.89,2160,2025-05-07 11:06:00,desconocido,"['ADX', 'MACD_hist', 'Ichimoku_Tenkan']",,
venta,1834.29,2168,2025-05-07 11:14:00,desconocido,"['ADX', 'Ichimoku_Tenkan']",0.3999999999998636,8.0
compra,1834.3,2169,2025-05-07 11:15:00,desconocido,"['ADX', 'MACD_hist']",,
venta,1833.3,2181,2025-05-07 11:27:00,desconocido,"['MACD_hist', 'Ichimoku_Tenkan']",-1.0,12.0
compra,1835.52,2186,2025-05-07 11:32:00,desconocido,"['MACD_hist', 'Ichimoku_Tenkan']",,
venta,1836.09,2202,2025-05-07 11:48:00,desconocido,"['MACD_hist', 'Ichimoku_Tenkan']",0.5699999999999363,16.0
compra,1836.91,2206,2025-05-07 11:52:00,desconocido,"['MACD_hist', 'Ichimoku_Tenkan']",,
venta,1835.03,2208,2025-05-07 11:54:00,desconocido,"['MACD_hist', 'Ichimoku_Tenkan', 'vender_por_perdida_atr']",-1.8800000000001091,2.0
compra,1833.2,2226,2025-05-07 12:12:00,desconocido,"['ADX', 'Ichimoku_Tenkan']",,
venta,1831.77,2230,2025-05-07 12:16:00,desconocido,"['MACD_hist', 'Ichimoku_Tenkan', 'vender_por_perdida_atr']",-1.4300000000000637,4.0
compra,1833.33,2231,2025-05-07 12:17:00,desconocido,"['MACD_hist', 'Ichimoku_Tenkan']",,
venta,1831.25,2239,2025-05-07 12:25:00,desconocido,"['Ichimoku_Tenkan', 'vender_por_perdida_atr']",-2.0799999999999272,8.0
compra,1829.58,2250,2025-05-07 12:36:00,desconocido,"['ADX', 'Ichimoku_Tenkan']",,
venta,1829.7,2251,2025-05-07 12:37:00,desconocido,"['ADX', 'MACD_hist']",0.12000000000011823,1.0
compra,1829.39,2255,2025-05-07 12:41:00,desconocido,"['ADX', 'MACD_hist', 'Ichimoku_Tenkan']",,
venta,1827.7,2262,2025-05-07 12:48:00,desconocido,"['Ichimoku_Tenkan', 'vender_por_perdida_atr']",-1.6900000000000546,7.0
compra,1829.99,2265,2025-05-07 12:51:00,desconocido,"['MACD_hist', 'Ichimoku_Tenkan']",,
venta,1828.27,2274,2025-05-07 13:00:00,desconocido,"['Ichimoku_Tenkan', 'vender_por_perdida_atr']",-1.7200000000000273,9.0
compra,1825.99,2290,2025-05-07 13:16:00,desconocido,"['ADX', 'Ichimoku_Tenkan']",,
venta,1825.31,2291,2025-05-07 13:17:00,desconocido,"['ADX', 'MACD_hist']",-0.6800000000000637,1.0
compra,1825.52,2297,2025-05-07 13:23:00,desconocido,"['ADX', 'MACD_hist', 'Ichimoku_Tenkan']",,
venta,1823.57,2298,2025-05-07 13:24:00,desconocido,"['ADX', 'Ichimoku_Tenkan', 'vender_por_perdida_atr']",-1.9500000000000455,1.0
compra,1823.06,2299,2025-05-07 13:25:00,desconocido,"['ADX', 'BB_Lower']",,
venta,1824.14,2300,2025-05-07 13:26:00,desconocido,"['ADX', 'MACD_hist']",1.0800000000001546,1.0
compra,1824.0,2301,2025-05-07 13:27:00,desconocido,"['ADX', 'MACD_hist', 'Ichimoku_Tenkan']",,
venta,1827.75,2305,2025-05-07 13:31:00,desconocido,"['ADX', 'BB_Upper']",3.75,4.0
compra,1828.5,2306,2025-05-07 13:32:00,desconocido,"['ADX', 'MACD_hist', 'Ichimoku_Tenkan']",,
venta,1828.49,2307,2025-05-07 13:33:00,desconocido,"['ADX', 'BB_Upper']",-0.009999999999990905,1.0
compra,1827.7,2308,2025-05-07 13:34:00,desconocido,"['ADX', 'MACD_hist', 'Ichimoku_Tenkan']",,
venta,1825.47,2309,2025-05-07 13:35:00,desconocido,"['ADX', 'Ichimoku_Tenkan']",-2.230000000000018,1.0
compra,1824.71,2310,2025-05-07 13:36:00,desconocido,"['ADX', 'MACD_hist']",,
venta,1825.49,2311,2025-05-07 13:37:00,desconocido,"['ADX', 'Ichimoku_Tenkan']",0.7799999999999727,1.0
compra,1826.58,2312,2025-05-07 13:38:00,desconocido,"['ADX', 'MACD_hist', 'Ichimoku_Tenkan']",,
venta,1831.51,2314,2025-05-07 13:40:00,desconocido,"['ADX', 'BB_Upper']",4.930000000000064,2.0
compra,1831.75,2315,2025-05-07 13:41:00,desconocido,"['ADX', 'MACD_hist', 'Ichimoku_Tenkan']",,
venta,1832.83,2316,2025-05-07 13:42:00,desconocido,"['ADX', 'BB_Upper']",1.0799999999999272,1.0
compra,1834.01,2317,2025-05-07 13:43:00,desconocido,"['ADX', 'MACD_hist', 'Ichimoku_Tenkan']",,
venta,1830.36,2320,2025-05-07 13:46:00,desconocido,"['ADX', 'vender_por_perdida_atr']",-3.650000000000091,3.0
compra,1830.82,2321,2025-05-07 13:47:00,desconocido,"['ADX', 'MACD_hist']",,
venta,1826.35,2322,2025-05-07 13:48:00,desconocido,"['ADX', 'MACD_hist', 'Ichimoku_Tenkan', 'vender_por_perdida_atr']",-4.470000000000027,1.0
compra,1829.77,2331,2025-05-07 13:57:00,desconocido,"['MACD_hist', 'Ichimoku_Tenkan']",,
venta,1828.43,2335,2025-05-07 14:01:00,desconocido,"['MACD_hist', 'Ichimoku_Tenkan']",-1.3399999999999181,4.0
compra,1830.97,2340,2025-05-07 14:06:00,desconocido,"['MACD_hist', 'Ichimoku_Tenkan']",,
venta,1828.4,2349,2025-05-07 14:15:00,desconocido,"['MACD_hist', 'Ichimoku_Tenkan']",-2.5699999999999363,9.0
compra,1832.72,2358,2025-05-07 14:24:00,desconocido,"['MACD_hist', 'Ichimoku_Tenkan']",,
venta,1829.55,2367,2025-05-07 14:33:00,desconocido,"['MACD_hist', 'Ichimoku_Tenkan', 'vender_por_perdida_atr']",-3.1700000000000728,9.0
compra,1820.31,2384,2025-05-07 14:50:00,desconocido,"['ADX', 'BB_Lower']",,
venta,1819.6,2385,2025-05-07 14:51:00,desconocido,"['ADX', 'MACD_hist', 'Ichimoku_Tenkan']",-0.7100000000000364,1.0
compra,1818.58,2386,2025-05-07 14:52:00,desconocido,"['ADX', 'BB_Lower']",,
venta,1818.22,2387,2025-05-07 14:53:00,desconocido,"['ADX', 'MACD_hist', 'Ichimoku_Tenkan']",-0.35999999999989996,1.0
compra,1822.56,2392,2025-05-07 14:58:00,desconocido,"['ADX', 'Ichimoku_Tenkan']",,
venta,1818.8,2396,2025-05-07 15:02:00,desconocido,"['ADX', 'Ichimoku_Tenkan', 'vender_por_perdida_atr']",-3.759999999999991,4.0
compra,1820.29,2398,2025-05-07 15:04:00,desconocido,"['ADX', 'MACD_hist', 'Ichimoku_Tenkan']",,
venta,1818.6,2400,2025-05-07 15:06:00,desconocido,"['ADX', 'Ichimoku_Tenkan']",-1.6900000000000546,2.0
compra,1819.89,2401,2025-05-07 15:07:00,desconocido,"['ADX', 'MACD_hist']",,
venta,1819.54,2407,2025-05-07 15:13:00,desconocido,"['ADX', 'Ichimoku_Tenkan']",-0.3500000000001364,6.0
compra,1819.7,2408,2025-05-07 15:14:00,desconocido,"['ADX', 'MACD_hist']",,
venta,1819.8,2409,2025-05-07 15:15:00,desconocido,"['ADX', 'Ichimoku_Tenkan']",0.09999999999990905,1.0
compra,1820.87,2410,2025-05-07 15:16:00,desconocido,"['ADX', 'MACD_hist']",,
venta,1819.3,2422,2025-05-07 15:28:00,desconocido,"['MACD_hist', 'Ichimoku_Tenkan']",-1.5699999999999363,12.0
compra,1822.47,2425,2025-05-07 15:31:00,desconocido,"['MACD_hist', 'Ichimoku_Tenkan']",,
venta,1819.58,2428,2025-05-07 15:34:00,desconocido,"['MACD_hist', 'Ichimoku_Tenkan', 'vender_por_perdida_atr']",-2.8900000000001,3.0
compra,1822.98,2432,2025-05-07 15:38:00,desconocido,"['MACD_hist', 'Ichimoku_Tenkan']",,
venta,1819.31,2440,2025-05-07 15:46:00,desconocido,"['MACD_hist', 'Ichimoku_Tenkan', 'vender_por_perdida_atr']",-3.6700000000000728,8.0
compra,1814.96,2459,2025-05-07 16:05:00,desconocido,"['ADX', 'BB_Lower']",,
venta,1813.95,2460,2025-05-07 16:06:00,desconocido,"['ADX', 'MACD_hist', 'Ichimoku_Tenkan']",-1.009999999999991,1.0
compra,1813.31,2462,2025-05-07 16:08:00,desconocido,"['ADX', 'BB_Lower']",,
venta,1813.1,2463,2025-05-07 16:09:00,desconocido,"['ADX', 'MACD_hist', 'Ichimoku_Tenkan']",-0.21000000000003638,1.0
compra,1815.43,2464,2025-05-07 16:10:00,desconocido,"['ADX', 'Ichimoku_Tenkan']",,
venta,1813.77,2465,2025-05-07 16:11:00,desconocido,"['ADX', 'MACD_hist', 'Ichimoku_Tenkan']",-1.6600000000000819,1.0
compra,1814.79,2468,2025-05-07 16:14:00,desconocido,"['ADX', 'MACD_hist', 'Ichimoku_Tenkan']",,
venta,1812.31,2469,2025-05-07 16:15:00,desconocido,"['ADX', 'MACD_hist', 'Ichimoku_Tenkan']",-2.480000000000018,1.0
compra,1810.31,2472,2025-05-07 16:18:00,desconocido,"['ADX', 'BB_Lower']",,
venta,1811.67,2473,2025-05-07 16:19:00,desconocido,"['ADX', 'MACD_hist', 'Ichimoku_Tenkan']",1.3600000000001273,1.0
compra,1809.11,2474,2025-05-07 16:20:00,desconocido,"['ADX', 'BB_Lower']",,
venta,1807.19,2475,2025-05-07 16:21:00,desconocido,"['ADX', 'MACD_hist', 'Ichimoku_Tenkan']",-1.9199999999998454,1.0
compra,1807.24,2476,2025-05-07 16:22:00,desconocido,"['ADX', 'BB_Lower']",,
venta,1807.27,2477,2025-05-07 16:23:00,desconocido,"['ADX', 'MACD_hist', 'Ichimoku_Tenkan']",0.029999999999972715,1.0
compra,1802.81,2484,2025-05-07 16:30:00,desconocido,"['ADX', 'BB_Lower']",,
venta,1804.3,2485,2025-05-07 16:31:00,desconocido,"['ADX', 'MACD_hist', 'Ichimoku_Tenkan']",1.490000000000009,1.0
compra,1805.43,2489,2025-05-07 16:35:00,desconocido,"['ADX', 'MACD_hist']",,
venta,1804.59,2490,2025-05-07 16:36:00,desconocido,"['ADX', 'Ichimoku_Tenkan']",-0.8400000000001455,1.0
compra,1802.76,2491,2025-05-07 16:37:00,desconocido,"['ADX', 'MACD_hist']",,
venta,1800.2,2492,2025-05-07 16:38:00,desconocido,"['ADX', 'MACD_hist', 'Ichimoku_Tenkan']",-2.5599999999999454,1.0
compra,1803.6,2493,2025-05-07 16:39:00,desconocido,"['ADX', 'Ichimoku_Tenkan']",,
venta,1810.25,2500,2025-05-07 16:46:00,desconocido,"['ADX', 'BB_Upper', 'vender_por_ganancia_atr']",6.650000000000091,7.0
compra,1812.19,2501,2025-05-07 16:47:00,desconocido,"['ADX', 'MACD_hist', 'Ichimoku_Tenkan']",,
venta,1811.77,2513,2025-05-07 16:59:00,desconocido,"['ADX', 'Ichimoku_Tenkan']",-0.42000000000007276,12.0
compra,1811.77,2514,2025-05-07 17:00:00,desconocido,"['ADX', 'MACD_hist']",,
venta,1811.55,2515,2025-05-07 17:01:00,desconocido,"['ADX', 'Ichimoku_Tenkan']",-0.22000000000002728,1.0
compra,1812.4,2517,2025-05-07 17:03:00,desconocido,"['ADX', 'Ichimoku_Tenkan']",,
venta,1811.1,2518,2025-05-07 17:04:00,desconocido,"['ADX', 'MACD_hist', 'Ichimoku_Tenkan']",-1.300000000000182,1.0
compra,1809.44,2520,2025-05-07 17:06:00,desconocido,"['ADX', 'BB_Lower']",,
venta,1808.43,2521,2025-05-07 17:07:00,desconocido,"['ADX', 'MACD_hist', 'Ichimoku_Tenkan']",-1.009999999999991,1.0
compra,1807.5,2522,2025-05-07 17:08:00,desconocido,"['ADX', 'BB_Lower']",,
venta,1807.12,2523,2025-05-07 17:09:00,desconocido,"['MACD_hist', 'Ichimoku_Tenkan']",-0.38000000000010914,1.0
compra,3703.6,3369,2024-11-30 00:00:00,desconocido,"['ADX', 'MACD_hist', 'Ichimoku_Tenkan', 'ATR']",,
venta,3707.61,3370,2024-12-01 00:00:00,desconocido,"['RSI', 'ADX', 'BB_Upper', 'ATR']",4.010000000000218,1.0
compra,3643.42,3371,2024-12-02 00:00:00,desconocido,"['ADX', 'MACD_hist', 'Ichimoku_Tenkan', 'ATR']",,
venta,3614.51,3372,2024-12-03 00:00:00,desconocido,"['RSI', 'ADX', 'ATR']",-28.909999999999854,1.0
compra,3837.8,3373,2024-12-04 00:00:00,desconocido,"['ADX', 'MACD_hist', 'Ichimoku_Tenkan', 'ATR']",,
venta,3785.2,3374,2024-12-05 00:00:00,desconocido,"['RSI', 'ADX', 'ATR']",-52.600000000000364,1.0
compra,3998.87,3375,2024-12-06 00:00:00,desconocido,"['ADX', 'MACD_hist', 'Ichimoku_Tenkan', 'ATR']",,
venta,3996.22,3376,2024-12-07 00:00:00,desconocido,"['RSI', 'ADX', 'ATR']",-2.650000000000091,1.0
compra,4004.15,3377,2024-12-08 00:00:00,desconocido,"['ADX', 'MACD_hist', 'Ichimoku_Tenkan', 'ATR']",,
venta,3712.0,3378,2024-12-09 00:00:00,desconocido,"['ADX', 'Ichimoku_Tenkan', 'ATR', 'vender_por_perdida_atr']",-292.1500000000001,1.0
compra,3628.25,3379,2024-12-10 00:00:00,desconocido,"['ADX', 'MACD_hist', 'ATR']",,
venta,3831.81,3380,2024-12-11 00:00:00,desconocido,"['ADX', 'ATR']",203.55999999999995,1.0
compra,3881.61,3381,2024-12-12 00:00:00,desconocido,"['ADX', 'MACD_hist', 'Ichimoku_Tenkan', 'ATR']",,
venta,3906.8,3382,2024-12-13 00:00:00,desconocido,"['ADX', 'ATR']",25.190000000000055,1.0
compra,3870.29,3383,2024-12-14 00:00:00,desconocido,"['ADX', 'Ichimoku_Tenkan', 'ATR']",,
venta,3959.09,3384,2024-12-15 00:00:00,desconocido,"['ADX', 'MACD_hist', 'ATR']",88.80000000000018,1.0
compra,3986.24,3385,2024-12-16 00:00:00,desconocido,"['ADX', 'Ichimoku_Tenkan', 'ATR']",,
venta,3893.01,3386,2024-12-17 00:00:00,desconocido,"['ADX', 'MACD_hist', 'ATR']",-93.22999999999956,1.0
compra,3626.8,3387,2024-12-18 00:00:00,desconocido,"['ADX', 'ATR']",,
venta,3417.01,3388,2024-12-19 00:00:00,desconocido,"['ADX', 'MACD_hist', 'Ichimoku_Tenkan', 'ATR']",-209.78999999999996,1.0
compra,3472.21,3389,2024-12-20 00:00:00,desconocido,"['ADX', 'ATR']",,
venta,3338.92,3390,2024-12-21 00:00:00,desconocido,"['ADX', 'MACD_hist', 'Ichimoku_Tenkan', 'ATR']",-133.28999999999996,1.0
compra,3281.83,3391,2024-12-22 00:00:00,desconocido,"['ADX', 'BB_Lower', 'ATR']",,
venta,3422.53,3392,2024-12-23 00:00:00,desconocido,"['ADX', 'MACD_hist', 'Ichimoku_Tenkan', 'ATR']",140.70000000000027,1.0
compra,3493.18,3393,2024-12-24 00:00:00,desconocido,"['ADX', 'ATR']",,
venta,3497.0,3394,2024-12-25 00:00:00,desconocido,"['ADX', 'MACD_hist', 'Ichimoku_Tenkan', 'ATR']",3.8200000000001637,1.0
compra,3335.05,3395,2024-12-26 00:00:00,desconocido,"['ADX', 'ATR']",,
venta,3333.51,3396,2024-12-27 00:00:00,desconocido,"['ADX', 'MACD_hist', 'Ichimoku_Tenkan', 'ATR']",-1.5399999999999636,1.0
compra,3404.0,3397,2024-12-28 00:00:00,desconocido,"['ADX', 'Ichimoku_Tenkan', 'ATR']",,
venta,3356.48,3398,2024-12-29 00:00:00,desconocido,"['MACD_hist', 'Ichimoku_Tenkan', 'ATR']",-47.51999999999998,1.0
compra,3455.67,3402,2025-01-02 00:00:00,desconocido,"['Ichimoku_Tenkan', 'ATR']",,
venta,3609.01,3403,2025-01-03 00:00:00,desconocido,"['MACD_hist', 'ATR']",153.34000000000015,1.0
compra,3656.88,3404,2025-01-04 00:00:00,desconocido,"['Ichimoku_Tenkan', 'ATR']",,
venta,3635.99,3405,2025-01-05 00:00:00,desconocido,"['MACD_hist', 'ATR']",-20.890000000000327,1.0
compra,3687.45,3406,2025-01-06 00:00:00,desconocido,"['MACD_hist', 'Ichimoku_Tenkan', 'ATR']",,
venta,3381.31,3407,2025-01-07 00:00:00,desconocido,"['MACD_hist', 'Ichimoku_Tenkan', 'ATR', 'vender_por_perdida_atr']",-306.1399999999999,1.0
compra,3451.52,3415,2025-01-15 00:00:00,desconocido,"['Ichimoku_Tenkan', 'ATR']",,
venta,3308.05,3416,2025-01-16 00:00:00,desconocido,"['MACD_hist', 'ATR']",-143.4699999999998,1.0
compra,3473.63,3417,2025-01-17 00:00:00,desconocido,"['Ichimoku_Tenkan', 'ATR']",,
venta,3307.71,3418,2025-01-18 00:00:00,desconocido,"['MACD_hist', 'ATR']",-165.92000000000007,1.0
compra,3284.0,3420,2025-01-20 00:00:00,desconocido,"['Ichimoku_Tenkan', 'ATR']",,
venta,3327.54,3421,2025-01-21 00:00:00,desconocido,"['MACD_hist', 'ATR']",43.539999999999964,1.0
compra,3338.21,3423,2025-01-23 00:00:00,desconocido,"['Ichimoku_Tenkan', 'ATR']",,
venta,3310.09,3424,2025-01-24 00:00:00,desconocido,"['MACD_hist', 'Ichimoku_Tenkan', 'ATR']",-28.11999999999989,1.0
compra,3318.77,3425,2025-01-25 00:00:00,desconocido,"['MACD_hist', 'ATR']",,
venta,3232.61,3426,2025-01-26 00:00:00,desconocido,"['MACD_hist', 'Ichimoku_Tenkan', 'ATR']",-86.15999999999985,1.0
compra,3077.72,3428,2025-01-28 00:00:00,desconocido,"['BB_Lower', 'ATR']",,
venta,3113.9,3429,2025-01-29 00:00:00,desconocido,"['MACD_hist', 'Ichimoku_Tenkan', 'ATR']",36.18000000000029,1.0
compra,3247.39,3430,2025-01-30 00:00:00,desconocido,"['Ichimoku_Tenkan', 'ATR']",,
venta,3300.99,3431,2025-01-31 00:00:00,desconocido,"['MACD_hist', 'ATR']",53.59999999999991,1.0
compra,2869.68,3433,2025-02-02 00:00:00,desconocido,"['BB_Lower', 'ATR']",,
venta,2879.9,3434,2025-02-03 00:00:00,desconocido,"['MACD_hist', 'ATR']",10.220000000000255,1.0
compra,2731.19,3435,2025-02-04 00:00:00,desconocido,"['ADX', 'BB_Lower', 'ATR']",,
venta,2788.25,3436,2025-02-05 00:00:00,desconocido,"['ADX', 'MACD_hist', 'ATR']",57.059999999999945,1.0
compra,2686.64,3437,2025-02-06 00:00:00,desconocido,"['ADX', 'BB_Lower', 'ATR']",,
venta,2622.1,3438,2025-02-07 00:00:00,desconocido,"['ADX', 'MACD_hist', 'Ichimoku_Tenkan', 'ATR']",-64.53999999999996,1.0
compra,2632.46,3439,2025-02-08 00:00:00,desconocido,"['ADX', 'ATR']",,
venta,2627.18,3440,2025-02-09 00:00:00,desconocido,"['ADX', 'MACD_hist', 'Ichimoku_Tenkan', 'ATR']",-5.2800000000002,1.0
compra,2661.19,3441,2025-02-10 00:00:00,desconocido,"['ADX', 'Ichimoku_Tenkan', 'ATR']",,
venta,2602.59,3442,2025-02-11 00:00:00,desconocido,"['ADX', 'MACD_hist', 'ATR']",-58.59999999999991,1.0
compra,2738.27,3443,2025-02-12 00:00:00,desconocido,"['ADX', 'Ichimoku_Tenkan', 'ATR']",,
venta,2675.87,3444,2025-02-13 00:00:00,desconocido,"['ADX', 'MACD_hist', 'Ichimoku_Tenkan', 'ATR']",-62.40000000000009,1.0
compra,2725.95,3445,2025-02-14 00:00:00,desconocido,"['ADX', 'Ichimoku_Tenkan', 'ATR']",,
venta,2693.04,3446,2025-02-15 00:00:00,desconocido,"['ADX', 'ATR']",-32.909999999999854,1.0
compra,2661.41,3447,2025-02-16 00:00:00,desconocido,"['ADX', 'MACD_hist', 'Ichimoku_Tenkan', 'ATR']",,
venta,2744.05,3448,2025-02-17 00:00:00,desconocido,"['ADX', 'ATR']",82.64000000000033,1.0
compra,2671.99,3449,2025-02-18 00:00:00,desconocido,"['ADX', 'MACD_hist', 'ATR']",,
venta,2715.5,3450,2025-02-19 00:00:00,desconocido,"['ADX', 'ATR']",43.51000000000022,1.0
compra,2738.04,3451,2025-02-20 00:00:00,desconocido,"['ADX', 'MACD_hist', 'Ichimoku_Tenkan', 'ATR']",,
venta,2663.0,3452,2025-02-21 00:00:00,desconocido,"['ADX', 'Ichimoku_Tenkan', 'ATR']",-75.03999999999996,1.0
compra,2763.22,3453,2025-02-22 00:00:00,desconocido,"['ADX', 'MACD_hist', 'Ichimoku_Tenkan', 'ATR']",,
venta,2819.69,3454,2025-02-23 00:00:00,desconocido,"['ADX', 'BB_Upper', 'ATR']",56.470000000000255,1.0
compra,2513.52,3455,2025-02-24 00:00:00,desconocido,"['ADX', 'MACD_hist', 'BB_Lower', 'ATR']",,
venta,2495.7,3456,2025-02-25 00:00:00,desconocido,"['ADX', 'Ichimoku_Tenkan', 'ATR']",-17.820000000000164,1.0
compra,2336.37,3457,2025-02-26 00:00:00,desconocido,"['ADX', 'BB_Lower', 'ATR']",,
venta,2307.72,3458,2025-02-27 00:00:00,desconocido,"['ADX', 'MACD_hist', 'Ichimoku_Tenkan', 'ATR']",-28.65000000000009,1.0
compra,2237.59,3459,2025-02-28 00:00:00,desconocido,"['ADX', 'BB_Lower', 'ATR']",,
venta,2217.39,3460,2025-03-01 00:00:00,desconocido,"['ADX', 'MACD_hist', 'Ichimoku_Tenkan', 'ATR']",-20.200000000000273,1.0
compra,2518.11,3461,2025-03-02 00:00:00,desconocido,"['ADX', 'Ichimoku_Tenkan', 'ATR']",,
venta,2149.01,3462,2025-03-03 00:00:00,desconocido,"['ADX', 'MACD_hist', 'Ichimoku_Tenkan', 'ATR', 'vender_por_perdida_atr']",-369.0999999999999,1.0
compra,2171.51,3463,2025-03-04 00:00:00,desconocido,"['ADX', 'ATR']",,
venta,2241.59,3464,2025-03-05 00:00:00,desconocido,"['ADX', 'MACD_hist', 'Ichimoku_Tenkan', 'ATR']",70.07999999999993,1.0
compra,2202.2,3465,2025-03-06 00:00:00,desconocido,"['ADX', 'ATR']",,
venta,2141.6,3466,2025-03-07 00:00:00,desconocido,"['ADX', 'MACD_hist', 'Ichimoku_Tenkan', 'ATR']",-60.59999999999991,1.0
compra,2203.58,3467,2025-03-08 00:00:00,desconocido,"['ADX', 'ATR']",,
venta,2020.41,3468,2025-03-09 00:00:00,desconocido,"['ADX', 'MACD_hist', 'Ichimoku_Tenkan', 'ATR']",-183.16999999999985,1.0
compra,1865.1,3469,2025-03-10 00:00:00,desconocido,"['ADX', 'ATR']",,
venta,1923.43,3470,2025-03-11 00:00:00,desconocido,"['ADX', 'MACD_hist', 'Ichimoku_Tenkan', 'ATR']",58.330000000000155,1.0
compra,1908.2,3471,2025-03-12 00:00:00,desconocido,"['ADX', 'ATR']",,
venta,1864.59,3472,2025-03-13 00:00:00,desconocido,"['ADX', 'MACD_hist', 'Ichimoku_Tenkan', 'ATR']",-43.61000000000013,1.0
compra,1911.65,3473,2025-03-14 00:00:00,desconocido,"['ADX', 'ATR']",,
venta,1937.17,3474,2025-03-15 00:00:00,desconocido,"['ADX', 'MACD_hist', 'Ichimoku_Tenkan', 'ATR']",25.519999999999982,1.0
compra,1887.0,3475,2025-03-16 00:00:00,desconocido,"['ADX', 'ATR']",,
venta,1926.31,3476,2025-03-17 00:00:00,desconocido,"['ADX', 'Ichimoku_Tenkan', 'ATR']",39.309999999999945,1.0
compra,1931.54,3477,2025-03-18 00:00:00,desconocido,"['ADX', 'MACD_hist', 'ATR']",,
venta,2056.06,3478,2025-03-19 00:00:00,desconocido,"['ADX', 'ATR']",124.51999999999998,1.0
compra,1983.79,3479,2025-03-20 00:00:00,desconocido,"['ADX', 'MACD_hist', 'Ichimoku_Tenkan', 'ATR']",,
venta,1965.75,3480,2025-03-21 00:00:00,desconocido,"['ADX', 'ATR']",-18.039999999999964,1.0
compra,1980.69,3481,2025-03-22 00:00:00,desconocido,"['ADX', 'MACD_hist', 'Ichimoku_Tenkan', 'ATR']",,
venta,2005.99,3482,2025-03-23 00:00:00,desconocido,"['ADX', 'ATR']",25.299999999999955,1.0
compra,2081.2,3483,2025-03-24 00:00:00,desconocido,"['ADX', 'MACD_hist', 'Ichimoku_Tenkan', 'ATR']",,
venta,2066.15,3484,2025-03-25 00:00:00,desconocido,"['ADX', 'ATR']",-15.049999999999727,1.0
compra,2009.52,3485,2025-03-26 00:00:00,desconocido,"['ADX', 'MACD_hist', 'Ichimoku_Tenkan', 'ATR']",,
venta,2003.66,3486,2025-03-27 00:00:00,desconocido,"['ADX', 'Ichimoku_Tenkan', 'ATR']",-5.8599999999999,1.0
compra,1896.9,3487,2025-03-28 00:00:00,desconocido,"['ADX', 'MACD_hist', 'ATR']",,
venta,1828.08,3488,2025-03-29 00:00:00,desconocido,"['ADX', 'Ichimoku_Tenkan', 'ATR']",-68.82000000000016,1.0
compra,1807.74,3489,2025-03-30 00:00:00,desconocido,"['ADX', 'MACD_hist', 'ATR']",,
venta,1822.43,3490,2025-03-31 00:00:00,desconocido,"['ADX', 'Ichimoku_Tenkan', 'ATR']",14.690000000000055,1.0
compra,1904.98,3491,2025-04-01 00:00:00,desconocido,"['ADX', 'MACD_hist', 'ATR']",,
venta,1795.22,3492,2025-04-02 00:00:00,desconocido,"['ADX', 'Ichimoku_Tenkan', 'ATR']",-109.75999999999999,1.0
compra,1817.23,3493,2025-04-03 00:00:00,desconocido,"['ADX', 'MACD_hist', 'ATR']",,
venta,1816.87,3494,2025-04-04 00:00:00,desconocido,"['ADX', 'Ichimoku_Tenkan', 'ATR']",-0.36000000000012733,1.0
compra,1806.01,3495,2025-04-05 00:00:00,desconocido,"['ADX', 'MACD_hist', 'ATR']",,
venta,1580.76,3496,2025-04-06 00:00:00,desconocido,"['ADX', 'MACD_hist', 'Ichimoku_Tenkan', 'ATR', 'vender_por_perdida_atr']",-225.25,1.0
compra,1553.04,3497,2025-04-07 00:00:00,desconocido,"['ADX', 'BB_Lower', 'ATR']",,
venta,1473.41,3498,2025-04-08 00:00:00,desconocido,"['ADX', 'MACD_hist', 'Ichimoku_Tenkan', 'ATR']",-79.62999999999988,1.0
compra,1669.51,3499,2025-04-09 00:00:00,desconocido,"['ADX', 'ATR']",,
venta,1522.25,3500,2025-04-10 00:00:00,desconocido,"['ADX', 'MACD_hist', 'Ichimoku_Tenkan', 'ATR']",-147.26,1.0
compra,1566.85,3501,2025-04-11 00:00:00,desconocido,"['ADX', 'ATR']",,
venta,1644.18,3502,2025-04-12 00:00:00,desconocido,"['ADX', 'MACD_hist', 'ATR']",77.33000000000015,1.0
compra,1597.76,3503,2025-04-13 00:00:00,desconocido,"['ADX', 'ATR']",,
venta,1623.77,3504,2025-04-14 00:00:00,desconocido,"['ADX', 'ATR']",26.00999999999999,1.0
compra,1588.78,3505,2025-04-15 00:00:00,desconocido,"['ADX', 'MACD_hist', 'Ichimoku_Tenkan', 'ATR']",,
venta,1577.14,3506,2025-04-16 00:00:00,desconocido,"['ADX', 'ATR']",-11.639999999999873,1.0
compra,1583.62,3507,2025-04-17 00:00:00,desconocido,"['ADX', 'MACD_hist', 'Ichimoku_Tenkan', 'ATR']",,
venta,1588.6,3508,2025-04-18 00:00:00,desconocido,"['ADX', 'ATR']",4.980000000000018,1.0
compra,1613.27,3509,2025-04-19 00:00:00,desconocido,"['ADX', 'MACD_hist', 'Ichimoku_Tenkan', 'ATR']",,
venta,1587.36,3510,2025-04-20 00:00:00,desconocido,"['ADX', 'Ichimoku_Tenkan', 'ATR']",-25.910000000000082,1.0
compra,1579.57,3511,2025-04-21 00:00:00,desconocido,"['ADX', 'MACD_hist', 'ATR']",,
venta,1756.26,3512,2025-04-22 00:00:00,desconocido,"['ADX', 'ATR']",176.69000000000005,1.0
compra,1795.07,3513,2025-04-23 00:00:00,desconocido,"['ADX', 'MACD_hist', 'Ichimoku_Tenkan', 'ATR']",,
venta,1769.65,3514,2025-04-24 00:00:00,desconocido,"['ADX', 'ATR']",-25.419999999999845,1.0
compra,1784.6,3515,2025-04-25 00:00:00,desconocido,"['ADX', 'MACD_hist', 'Ichimoku_Tenkan', 'ATR']",,
venta,1820.88,3516,2025-04-26 00:00:00,desconocido,"['ADX', 'ATR']",36.2800000000002,1.0
compra,1791.29,3517,2025-04-27 00:00:00,desconocido,"['ADX', 'MACD_hist', 'Ichimoku_Tenkan', 'ATR']",,
venta,1808.75,3529,2025-05-07 17:17:00,desconocido,"['Ichimoku_Tenkan', 'ATR']",17.460000000000036,12.0
compra,1807.56,3530,2025-05-07 17:18:00,desconocido,"['MACD_hist', 'ATR']",,
venta,1807.2,3531,2025-05-07 17:19:00,desconocido,"['Ichimoku_Tenkan', 'ATR']",-0.35999999999989996,1.0
compra,1807.19,3532,2025-05-07 17:20:00,desconocido,"['MACD_hist', 'ATR']",,
venta,1806.71,3533,2025-05-07 17:21:00,desconocido,"['MACD_hist', 'Ichimoku_Tenkan']",-0.4800000000000182,1.0
compra,1805.71,3573,2025-05-07 18:01:00,desconocido,"['MACD_hist', 'Ichimoku_Tenkan']",,
venta,1796.9,3579,2025-05-07 18:07:00,desconocido,"['Ichimoku_Tenkan', 'vender_por_perdida_atr']",-8.809999999999945,6.0
compra,1800.99,3589,2025-05-07 18:17:00,desconocido,"['MACD_hist', 'Ichimoku_Tenkan']",,
venta,1812.63,3605,2025-05-07 18:33:00,desconocido,"['BB_Upper', 'vender_por_ganancia_atr']",11.6400000000001,16.0
compra,1812.01,3606,2025-05-07 18:34:00,desconocido,"['MACD_hist', 'Ichimoku_Tenkan']",,
venta,1807.92,3614,2025-05-07 18:42:00,desconocido,"['MACD_hist', 'Ichimoku_Tenkan']",-4.089999999999918,8.0
compra,1806.79,3629,2025-05-07 18:57:00,desconocido,"['MACD_hist', 'Ichimoku_Tenkan']",,
venta,1802.51,3636,2025-05-07 19:04:00,desconocido,"['Ichimoku_Tenkan', 'vender_por_perdida_atr']",-4.279999999999973,7.0
compra,1804.2,3640,2025-05-07 19:08:00,desconocido,"['MACD_hist', 'Ichimoku_Tenkan']",,
venta,1801.15,3642,2025-05-07 19:10:00,desconocido,"['MACD_hist', 'Ichimoku_Tenkan']",-3.0499999999999545,2.0
compra,1801.59,3653,2025-05-07 19:20:00,desconocido,"['MACD_hist', 'Ichimoku_Tenkan']",,
venta,1798.0,3656,2025-05-07 19:23:00,desconocido,"['MACD_hist', 'Ichimoku_Tenkan', 'vender_por_perdida_atr']",-3.589999999999918,3.0
compra,1793.01,3666,2025-05-07 19:33:00,desconocido,"['ADX', 'Ichimoku_Tenkan']",,
venta,1788.15,3667,2025-05-07 19:34:00,desconocido,"['ADX', 'MACD_hist', 'Ichimoku_Tenkan', 'vender_por_perdida_atr']",-4.8599999999999,1.0
compra,1793.31,3669,2025-05-07 19:36:00,desconocido,"['ADX', 'Ichimoku_Tenkan']",,
venta,1802.05,3675,2025-05-07 19:42:00,desconocido,"['ADX', 'BB_Upper']",8.740000000000009,6.0
compra,1805.48,3676,2025-05-07 19:43:00,desconocido,"['ADX', 'MACD_hist', 'Ichimoku_Tenkan']",,
venta,1803.2,3677,2025-05-07 19:44:00,desconocido,"['ADX', 'BB_Upper']",-2.2799999999999727,1.0
compra,1802.61,3678,2025-05-07 19:45:00,desconocido,"['ADX', 'MACD_hist', 'Ichimoku_Tenkan']",,
venta,1798.29,3680,2025-05-07 19:47:00,desconocido,"['ADX', 'Ichimoku_Tenkan']",-4.319999999999936,2.0
compra,1798.23,3699,2025-05-07 20:06:00,desconocido,"['MACD_hist', 'Ichimoku_Tenkan']",,
venta,1796.16,3711,2025-05-07 20:18:00,desconocido,"['MACD_hist', 'Ichimoku_Tenkan']",-2.0699999999999363,12.0
